Codes,Area names,Region,Location,Total % 0-4,Total % 5-6,Total % 7-8,Total % 9-10,Total Average rating,Total Standard deviation,0-4 CV,0-4 Lower limit,0-4 Upper limit,5-6 CV, 5-6 Lower limit,5-6 Upper limit,7-8 CV,7-8 Lower limit,7-8 Upper limit,9-10 CV,9-10 Lower limit,9-10 Upper limit,Total CV,Total Lower limit,Total Upper limit,Sample size
K02000001,UNITED KINGDOM,,,10.34,18.1,40.62,30.94,7.29,2.18,1,10.14,10.54,0.72,17.84,18.36,0.41,40.29,40.94,0.51,30.63,31.25,0.1,7.28,7.31,165583
E92000001,ENGLAND,,,10.36,18.38,40.56,30.7,7.28,2.18,1.11,10.13,10.58,0.81,18.09,18.67,0.46,40.19,40.92,0.58,30.35,31.05,0.12,7.26,7.3,119934
E12000001,NORTH EAST,,,12.55,18.19,38.58,30.69,7.17,2.33,3.47,11.69,13.4,2.65,17.24,19.13,1.63,37.35,39.81,1.95,29.52,31.86,0.43,7.11,7.23,11016
E06000047,,County Durham UA,,14.79,18.24,35.46,31.51,7.06,2.45,9.38,12.06,17.52,7.83,15.43,21.05,5.16,31.86,39.06,5.77,27.94,35.09,1.38,6.87,7.25,842
E06000005,,Darlington UA,,12.05,16.79,41.21,29.95,7.2,2.35,10.81,9.49,14.61,8.95,13.84,19.75,4.62,37.47,44.95,5.83,26.51,33.38,1.31,7.02,7.39,944
E06000001,,Hartlepool UA,,13.1,19.74,35.68,31.47,7.13,2.38,9.22,10.73,15.48,7.59,16.8,22.69,4.82,32.3,39.06,5.21,28.25,34.69,1.23,6.96,7.31,1049
E06000002,,Middlesbrough UA,,13.88,16.27,37.15,32.69,7.24,2.36,9.73,11.23,16.54,7.82,13.77,18.77,4.73,33.7,40.61,5.41,29.22,36.16,1.21,7.06,7.41,944
E06000048,,Northumberland UA,,10.2,15.26,43.05,31.49,7.38,2.14,12.22,7.75,12.64,8.41,12.74,17.79,4.85,38.95,47.16,5.9,27.84,35.15,1.15,7.22,7.55,860
E06000003,,Redcar and Cleveland UA,,12.2,17.57,36.28,33.94,7.27,2.35,10.06,9.79,14.62,8.09,14.78,20.37,4.52,33.06,39.5,5.01,30.6,37.29,1.2,7.1,7.44,972
E06000004,,Stockton-on-Tees UA,,10.89,19.16,39.26,30.69,7.25,2.23,11.67,8.39,13.39,8.89,15.81,22.52,5.22,35.23,43.29,6.05,27.03,34.34,1.25,7.07,7.43,828
E11000004,,Tyne and Wear (Met County),,12.32,19.11,39.09,29.48,7.12,2.33,4.97,11.12,13.52,3.77,17.7,20.53,2.31,37.32,40.87,2.91,27.79,31.16,0.6,7.04,7.21,4577
E08000020,,,Gateshead,11.5,20.17,38.09,30.24,7.16,2.31,11.58,8.88,14.12,7.15,17.33,23,4.88,34.44,41.75,5.85,26.76,33.71,1.38,6.97,7.36,873
E08000021,,,Newcastle upon Tyne,11.87,18.62,41.19,28.32,7.16,2.18,11.61,9.16,14.58,8.9,15.36,21.88,5.1,37.05,45.32,6.25,24.84,31.81,1.19,6.99,7.33,859
E08000022,,,North Tyneside,11.59,16.86,38.13,33.42,7.32,2.3,10.85,9.11,14.06,8.95,13.9,19.83,5.19,34.24,42.02,6.66,29.04,37.79,1.42,7.12,7.52,903
E08000023,,,South Tyneside,15.83,19.59,35.66,28.92,6.91,2.56,8.18,13.29,18.38,7.24,16.8,22.38,5.12,32.07,39.24,6.02,25.5,32.35,1.38,6.72,7.1,984
E08000024,,,Sunderland,12.11,20.31,39.66,27.92,7.03,2.38,10.06,9.72,14.51,7.16,17.45,23.17,4.34,36.27,43.04,6.36,24.43,31.41,1.29,6.85,7.21,958
E12000002,NORTH WEST ,,,11.3,18.59,39.53,30.58,7.21,2.27,2.71,10.7,11.9,2.01,17.86,19.32,1.19,38.61,40.45,1.53,29.66,31.5,0.31,7.17,7.26,19511
E06000008,,Blackburn with Darwen UA,,12.54,18.4,38.52,30.54,7.19,2.28,10.57,9.93,15.15,8.4,15.36,21.44,5.14,34.63,42.41,5.99,26.94,34.14,1.28,7.01,7.37,853
E06000009,,Blackpool UA,,12.84,19.6,38.63,28.93,7.1,2.37,10.23,10.26,15.43,7.82,16.58,22.61,5.13,34.74,42.53,6.06,25.48,32.37,1.31,6.92,7.29,944
E06000049,,Cheshire East UA,,5.47,14.61,50.1,29.82,7.58,1.78,19.61,3.35,7.58,10.7,11.53,17.7,4.92,45.24,54.96,7.64,25.32,34.31,1.05,7.43,7.74,460
E06000050,,Cheshire West and Chester UA,,8.75,15.15,42.63,33.47,7.45,2.12,19.44,5.39,12.1,13.25,11.19,19.12,6.64,37.04,48.22,9.03,27.5,39.43,1.69,7.2,7.69,380
E06000006,,Halton UA,,14.33,17.12,38.26,30.29,7.07,2.42,9.23,11.73,16.94,9.05,14.07,20.17,4.96,34.53,41.99,6.1,26.65,33.93,1.3,6.89,7.25,846
E06000007,,Warrington UA,,10.53,18.83,40.64,30,7.27,2.22,12.59,7.92,13.14,8.78,15.58,22.08,5.15,36.53,44.75,6.81,25.98,34.02,1.36,7.07,7.46,755
E10000006,,Cumbria ,,9.72,19.71,39.71,30.86,7.28,2.19,11.03,7.61,11.83,7.98,16.62,22.81,4.68,36.05,43.36,5.7,27.4,34.31,1.17,7.11,7.45,857
E07000026,,,Allerdale,,,,,7.59,2.18,28.26,3.62,13.01,21.78,8.42,21.41,10.56,31.32,48.07,12.68,27.67,46.47,2.64,7.19,7.99,181
E07000027,,,Barrow-in-Furness,,,,,7.2,2.23,26.93,4.87,16.56,26.75,8,26.9,11.21,33.07,52.49,14.09,20.77,37.34,3.06,6.75,7.65,115
E07000028,,,Carlisle,,,,,7.29,2.27,26.56,4.19,13.6,17.98,12.42,26.3,10.05,32.85,49.29,13.53,22.41,38.94,2.89,6.87,7.71,155
E07000029,,,Copeland,,,,,7.03,2.24,27.86,5.48,19.62,21.21,13.51,33.82,15.05,24.26,45.49,17.94,18.42,39.4,3.6,6.52,7.54,119
E07000030,,,Eden,,,,,7.01,2.18,27,4.99,17.27,16.41,16.6,33.33,14.14,23.28,42.18,13.97,22.28,40.06,2.92,6.59,7.43,106
E07000031,,,South Lakeland,,,,,7.37,1.99,23.8,4.44,12.45,14.06,14.77,26.27,9.63,34.74,51.23,12.37,21.13,34.97,1.99,7.08,7.67,181
E11000001,,Greater Manchester (Met County),,11.76,19.26,39.07,29.91,7.18,2.27,3.89,10.86,12.66,2.85,18.18,20.33,1.72,37.75,40.39,2.28,28.58,31.25,0.48,7.11,7.25,8641
E08000001,,,Bolton,13.47,19.38,34.46,32.69,7.1,2.43,11.64,10.39,16.56,9.11,15.91,22.85,6.76,29.88,39.03,7.66,27.77,37.61,1.67,6.87,7.34,847
E08000002,,,Bury,10.65,20.86,38.41,30.08,7.23,2.19,11.6,8.22,13.08,8.98,17.17,24.55,5.7,34.1,42.73,7.13,25.86,34.3,1.35,7.04,7.43,712
E08000003,,,Manchester,11.96,21.46,39.23,27.35,7.07,2.25,11.19,9.33,14.59,7.29,18.38,24.53,4.6,35.69,42.78,7.1,23.54,31.17,1.45,6.87,7.27,968
E08000004,,,Oldham ,11.84,20.44,38.34,29.38,7.12,2.35,12.4,8.96,14.73,7.77,17.32,23.57,5.16,34.45,42.23,6.27,25.76,33,1.45,6.92,7.33,854
E08000005,,,Rochdale,12.2,16.21,44.27,27.32,7.18,2.26,9.84,9.84,14.56,9.31,13.24,19.18,4.39,40.44,48.09,6.06,24.06,30.57,1.15,7.02,7.35,906
E08000006,,,Salford,13.3,21.25,38.84,26.61,6.98,2.26,10.39,10.58,16.01,7.76,18.01,24.5,5.07,34.97,42.71,6.87,23.01,30.2,1.41,6.79,7.18,893
E08000007,,,Stockport,8.4,16.49,43.3,31.8,7.44,2.08,12.99,6.26,10.55,9.4,13.45,19.54,4.62,39.36,47.23,5.68,28.25,35.35,1.11,7.28,7.6,849
E08000008,,,Tameside,14.08,17.39,39.5,29.04,7.11,2.35,10.4,11.2,16.95,8.64,14.43,20.34,4.95,35.65,43.34,6.41,25.38,32.7,1.45,6.91,7.32,882
E08000009,,,Trafford,10.63,17.36,40.93,31.08,7.33,2.14,11.77,8.17,13.09,8.28,14.54,20.19,5.21,36.74,45.13,6.46,27.13,35.03,1.18,7.16,7.5,854
E08000010,,,Wigan,11.07,18.37,35.62,34.94,7.36,2.27,10.6,8.76,13.38,8.41,15.34,21.41,5.39,31.85,39.39,5.59,31.1,38.78,1.27,7.17,7.54,876
E10000017,,Lancashire,,9.63,17.76,38.23,34.37,7.33,2.26,9.09,7.91,11.35,6.79,15.39,20.13,3.88,35.32,41.15,4.48,31.35,37.4,0.99,7.19,7.47,1429
E07000117,,,Burnley,,,,,7.38,2.25,31.44,3.21,14.75,32.25,4.66,22.64,14.64,28.93,53.61,18.75,22.27,49.93,3.58,6.84,7.92,78
E07000118,,,Chorley,,,,,7.61,2.03,31.82,2.75,12.4,19.98,7.12,16.62,10.35,34.38,52.36,12.67,27.75,46.61,2.34,7.25,7.96,162
E07000119,,,Fylde,,,,,7.57,2.24,37.49,2.11,15.89,26.86,7.31,25.09,17.51,21.5,45.43,12.8,30.53,52.14,3.39,7.04,8.09,85
E07000120,,,Hyndburn,,,,,6.82,2.47,24.73,7.28,22.23,28.04,6.95,25.7,12.8,31.03,53.08,22.64,14.41,39.33,4.57,6.18,7.45,91
E07000121,,,Lancaster,,,,,7.43,2.08,26.85,3.44,11.38,18.84,13.24,29.22,10.88,28.93,44.98,12.62,25.74,43.08,2.32,7.08,7.77,188
E07000122,,,Pendle,,,,,7.13,2.46,31.19,5.03,22.43,22.73,12.19,33.1,17.79,18.92,40.34,16.59,22.54,45.46,4.62,6.46,7.8,99
E07000123,,,Preston,,,,,7.54,2.37,36.64,2.06,13.43,19.98,10.03,23.41,12.62,25.28,42.38,12.93,30.9,52.5,3.63,6.99,8.09,165
E07000124,,,Ribble Valley,,,,,7.12,2.2,29.44,4.85,20.98,34.76,3.56,23.49,17.47,30.17,65.66,22.09,13.64,37.66,3.25,6.63,7.61,58
E07000125,,,Rossendale,,,,,7.14,2.49,37.5,3.47,25.91,27.36,7.02,24.71,17.14,22.74,47.15,14.12,24.57,44.42,4.22,6.53,7.75,82
E07000126,,,South Ribble,,,,,7.22,2.08,27.93,3.79,13.47,20.36,12.16,28.95,13,30.43,51.89,14.7,20.91,38.4,2.37,6.88,7.57,136
E07000127,,,West Lancashire,,,,,7.3,2.14,30.89,3.15,13.41,20.25,12.13,28.72,12.49,32.49,54.2,17.56,18.11,37.79,3.04,6.85,7.74,132
E07000128,,,Wyre,,,,,7.38,2.35,31.29,3.14,13.61,21.59,11.16,28.1,10.86,26.41,41.05,11.57,29.42,47.11,3.42,6.88,7.88,153
E11000002,,Merseyside (Met County),,14.21,19.52,37.99,28.28,7.01,2.41,5.44,12.7,15.73,3.86,18.04,21,2.42,36.18,39.79,3.03,26.6,29.97,0.68,6.91,7.1,4346
E08000011,,,Knowsley ,15.82,20.55,34.62,29.01,6.94,2.49,8.71,13.11,18.53,7.9,17.36,23.75,6.12,30.46,38.79,6.08,25.53,32.48,1.36,6.76,7.13,825
E08000012,,,Liverpool,15.2,22.28,37.82,24.7,6.79,2.48,11.96,11.63,18.78,7.49,19,25.56,4.9,34.17,41.46,6.86,21.37,28.03,1.52,6.59,7,954
E08000014,,,Sefton,12.4,17.89,38.63,31.08,7.24,2.25,11.22,9.66,15.13,8.36,14.95,20.83,4.92,34.89,42.37,6.03,27.4,34.77,1.34,7.05,7.43,799
E08000013,,,St. Helens,14.62,18,38.17,29.21,7.01,2.42,9.76,11.82,17.43,7.75,15.26,20.75,5.58,33.98,42.35,6.58,25.43,32.99,1.31,6.83,7.19,872
E08000015,,,Wirral,13.38,17.31,39.13,30.18,7.14,2.35,10.07,10.73,16.03,8.25,14.5,20.12,4.89,35.37,42.89,6.11,26.56,33.81,1.32,6.96,7.33,896
E12000003,YORKSHIRE AND THE HUMBER,,,10.87,19.01,38.41,31.7,7.27,2.24,3.21,10.19,11.56,2.3,18.15,19.87,1.39,37.37,39.46,1.6,30.7,32.7,0.34,7.22,7.32,13330
E06000011,,East Riding of Yorkshire UA,,10.71,17.78,40.12,31.39,7.33,2.16,11.52,8.28,13.14,8.61,14.77,20.79,4.43,36.62,43.62,5.44,28.03,34.74,1.12,7.16,7.49,818
E06000010,,"Kingston upon Hull, City of UA",,11.55,19.84,39.85,28.76,7.13,2.29,12.79,8.64,14.45,6.89,17.15,22.53,4.99,35.94,43.75,5.9,25.43,32.1,1.43,6.93,7.33,967
E06000012,,North East Lincolnshire UA,,14.59,18.85,35.13,31.42,7.08,2.49,10.18,11.67,17.51,7.72,15.99,21.72,5.16,31.57,38.7,5.64,27.94,34.91,1.46,6.88,7.28,952
E06000013,,North Lincolnshire UA,,10.57,14.69,39.29,35.45,7.47,2.21,10.92,8.3,12.84,8.58,12.21,17.17,4.55,35.77,42.8,5.2,31.82,39.08,1.18,7.29,7.64,916
E06000014,,York UA,,8.36,20.19,42.76,28.69,7.32,2.03,13.22,6.18,10.53,6.91,17.45,22.93,4.18,39.25,46.27,5.93,25.34,32.04,1.05,7.17,7.48,949
E10000023,,North Yorkshire,,9.29,18.64,38.21,33.86,7.41,2.14,11.28,7.23,11.35,7.9,15.74,21.53,4.69,34.68,41.73,5.06,30.49,37.23,1.04,7.26,7.57,852
E07000163,,,Craven,,,,,7.41,2.09,43.22,1.16,19.31,27.05,8.31,29.03,17.62,22.36,47.68,17.69,22.99,49.18,3.73,6.84,7.97,86
E07000164,,,Hambleton,,,,,7.52,2.31,26.19,5.23,16.83,27.22,6.23,21.25,12.11,27.25,44.77,9.94,31.39,47.05,2.65,7.12,7.92,117
E07000165,,,Harrogate,,,,,7.42,2.15,20.07,6.04,14.08,12.37,14.74,24.36,9.71,29.38,43.45,9.97,27.23,40.71,2.09,7.12,7.73,213
E07000166,,,Richmondshire,,,,,7.57,1.94,45.65,0.28,7.56,29.16,8.11,31.78,15.33,30.44,58.05,16.48,21.19,42.58,2.53,7.18,7.96,72
E07000167,,,Ryedale,,,,,7.52,2.08,43.57,0.59,10.27,28.21,8.39,31.29,13.33,27.89,48.79,16.31,24.25,48.52,3.37,7,8.04,92
E07000168,,,Scarborough,,,,,7.3,1.98,33.38,2.59,13.05,15.58,15.92,30.38,10.82,31.15,48.4,14.25,20.9,37.6,2.39,6.95,7.65,133
E07000169,,,Selby,,,,,7.29,2.32,22.58,7.26,19.28,23.83,7.46,21.13,12,30.23,49.39,13.91,23.52,41.72,3,6.85,7.73,139
E11000003,,South Yorkshire (Met County),,11.7,19.83,37,31.48,7.21,2.3,6.31,10.25,13.14,4.17,18.21,21.45,2.79,34.97,39.02,3.13,29.54,33.41,0.73,7.11,7.31,3506
E08000016,,,Barnsley,14.57,18.57,33,33.86,7.16,2.42,10.17,11.65,17.48,8.07,15.63,21.52,5.33,29.54,36.46,5.66,30.1,37.63,1.38,6.97,7.36,916
E08000017,,,Doncaster,10.29,19.15,37.02,33.53,7.36,2.26,10.81,8.1,12.48,8.22,16.06,22.25,5.14,33.28,40.76,5.89,29.65,37.41,1.19,7.19,7.53,864
E08000018,,,Rotherham ,11.21,17.49,38.02,33.27,7.31,2.28,11.13,8.76,13.67,8.36,14.61,20.37,4.64,34.55,41.5,5.35,29.78,36.77,1.11,7.15,7.47,896
E08000019,,,Sheffield,11.48,21.67,38.11,28.75,7.11,2.28,12.31,8.7,14.25,7.02,18.68,24.66,5.09,34.29,41.93,6.13,25.28,32.22,1.42,6.91,7.31,830
E11000006,,West Yorkshire (Met County),,10.76,18.91,38.63,31.7,7.26,2.23,5.24,9.66,11.87,3.96,17.44,20.38,2.32,36.87,40.39,2.69,30.03,33.37,0.56,7.18,7.34,4370
E08000032,,,Bradford ,10.37,19.11,36.66,33.87,7.28,2.29,12.01,7.92,12.82,8.2,16.02,22.19,5.16,32.94,40.37,5.5,30.2,37.53,1.23,7.11,7.46,770
E08000033,,,Calderdale,9.42,18.72,40.12,31.75,7.37,2.1,11.52,7.28,11.55,8.78,15.49,21.95,5.02,36.16,44.08,6.03,27.98,35.51,1.08,7.21,7.53,837
E08000034,,,Kirklees ,13.29,19.95,39.12,27.64,7.06,2.31,10.66,10.5,16.08,7.97,16.82,23.08,5.02,35.25,42.98,6.17,24.28,30.99,1.31,6.87,7.24,768
E08000035,,,Leeds ,9.67,18.25,39.62,32.46,7.35,2.15,10.26,7.72,11.62,8.05,15.37,21.14,4.38,36.21,43.03,5.07,29.22,35.69,1.01,7.21,7.5,1101
E08000036,,,Wakefield,11.89,19.18,37.55,31.38,7.2,2.29,11.03,9.31,14.47,7.72,16.27,22.09,4.75,34.04,41.06,5.61,27.92,34.84,1.2,7.02,7.37,894
E12000004,EAST MIDLANDS,,,10.07,17.81,39.78,32.34,7.35,2.17,3.96,9.29,10.85,2.89,16.8,18.82,1.62,38.52,41.05,1.96,31.1,33.58,0.4,7.29,7.41,8006
E06000015,,Derby UA ,,11.61,15.83,40.67,31.88,7.34,2.25,11.29,9.04,14.19,8.72,13.12,18.55,4.4,37.15,44.19,5.64,28.35,35.42,1.26,7.16,7.52,912
E06000016,,Leicester UA,,8.88,23.47,33.92,33.73,7.35,2.2,12.57,6.68,11.07,7.07,20.21,26.74,5.79,30.05,37.78,5.55,30.05,37.41,1.16,7.18,7.52,873
E06000018,,Nottingham UA,,10.81,18.54,40.57,30.08,7.24,2.14,9.63,8.76,12.86,7.1,15.95,21.12,4.39,37.08,44.07,5.51,26.82,33.34,1,7.1,7.39,1109
E06000017,,Rutland UA ,,,,,,7.48,2.01,27.36,3.29,11.1,14.21,11.97,21.38,7.58,38.93,52.72,12.08,23.04,37.57,1.96,7.19,7.77,241
E10000007,,Derbyshire,,10.28,17.16,41.92,30.64,7.37,2.1,9.62,8.33,12.22,7.75,14.55,19.78,3.93,38.68,45.15,5.06,27.6,33.69,0.96,7.23,7.51,1014
E07000032,,,Amber Valley,,,,,7.7,1.83,26.62,3.1,10.15,20.87,7.85,19.11,7.91,39.31,54.1,11.79,25.37,41.02,1.9,7.4,7.99,161
E07000033,,,Bolsover,,,,,7.2,2.64,25.36,8.03,25.04,20.8,12.02,29.57,17.84,14.44,30.8,14.63,28.17,51.93,4.32,6.57,7.83,99
E07000034,,,Chesterfield,,,,,7.22,2.18,20.45,7.78,18.59,20.69,9.17,22.16,10.34,33.59,51.14,12.54,21.55,36.02,2.49,6.86,7.58,144
E07000035,,,Derbyshire Dales,,,,,7.12,1.9,38.91,2.16,17.94,24.98,8.48,25.74,11.77,40.96,66.48,26.97,8.72,29.53,3.52,6.61,7.63,92
E07000036,,,Erewash,,,,,7.44,2.06,28.79,4.25,15.93,24.39,7.64,22.33,11.25,33.11,52.46,13.49,23.42,40.85,2.55,7.06,7.82,132
E07000037,,,High Peak,,,,,7.28,2.28,22.79,6.41,17.15,22.54,10.49,27.71,10.9,29.06,45.28,13.5,23.32,40.58,2.71,6.88,7.67,140
E07000038,,,North East Derbyshire,,,,,7.46,2.09,25.88,5.25,16.58,22.29,8.22,21.53,11.25,31.7,50.19,13.17,24.48,42.07,2.79,7.04,7.87,129
E07000039,,,South Derbyshire,,,,,7.32,1.78,35.98,1.43,9.01,19.25,14.47,32.84,11.47,35.78,57.31,16.44,16.43,32.73,2.21,7,7.65,117
E10000018,,Leicestershire,,8.92,19.1,39.86,32.11,7.39,2.09,12.79,6.68,11.17,8.3,15.98,22.22,4.75,36.14,43.59,6.02,28.31,35.92,1.16,7.18,7.52,
E07000129,,,Blaby,,,,,7.3,2.07,26.65,4.69,15.55,20.02,10.72,25.19,11.2,32.94,52.13,14.36,20.89,37.89,2.6,6.92,7.69,144
E07000130,,,Charnwood,,,,,7.28,2.16,28.99,3.82,14.25,18.5,12.22,26.47,8.58,34.61,48.88,13.86,21.64,38.13,2.83,6.87,7.69,194
E07000131,,,Harborough,,,,,7.38,2.29,31.09,3.66,15.94,21.08,11.52,28.51,14.57,24.15,44.21,11.56,27.62,44.38,2.98,6.94,7.82,122
E07000132,,,Hinckley and Bosworth,,,,,7.35,1.93,34.77,2.3,12.93,20.16,13.27,31.31,11.95,31.87,51.98,17.43,18.31,38.03,2.78,6.94,7.76,117
E07000133,,,Melton,,,,,7.64,1.92,33.05,1.9,9.89,22.75,10.11,27.76,12.77,29.76,50.85,14.63,24.42,45.31,2.63,7.23,8.05,84
E07000134,,,North West Leicestershire,,,,,7.7,1.98,36.22,2.47,15.68,25.83,6.44,20.33,15.57,25.83,49.33,16.18,26.98,52.95,3.11,7.22,8.18,123
E07000135,,,Oadby and Wigston,,,,,7.32,2.2,32.14,3.46,16.61,21.47,12.4,31.71,16.94,24.17,49.69,17.79,19.74,42.22,3.6,6.78,7.86,90
E10000019,,Lincolnshire ,,10.15,15.01,38.88,35.95,7.46,2.21,9.62,8.23,12.07,8.12,12.61,17.41,4.21,35.66,42.1,4.41,32.84,39.07,0.98,7.32,7.6,1080
E07000136,,,Boston,,,,,7.25,2.42,34.46,3.49,20.17,27.02,7.55,26.21,15.28,23.87,45.57,13.51,26.46,46.67,4.11,6.64,7.85,78
E07000137,,,East Lindsey,13.46,15.04,34.07,37.43,7.33,2.4,16.28,9.1,17.82,18.25,9.58,20.5,11.32,26.39,41.74,10.83,29.36,45.5,2.37,6.98,7.68,188
E07000138,,,Lincoln,,,,,7.11,2.3,27.32,6.12,20.95,17.7,11.04,23.18,12.25,29.4,48.53,13.99,21.87,38.92,3.08,6.67,7.54,136
E07000139,,,North Kesteven,,,,,7.8,1.84,32.24,2.09,9.63,22.5,7.7,20.25,9.26,37.09,53.91,9.9,27.82,41.51,2.18,7.46,8.14,180
E07000140,,,South Holland,,,,,7.45,2.2,29.65,3.27,12.82,23.09,8.9,24.18,13.42,28.57,49.55,13.16,26.77,45.93,2.8,7.03,7.87,139
E07000141,,,South Kesteven,,,,,7.83,1.73,31.35,2.05,8.84,18.64,7.84,17.07,8.21,37.51,52.16,9.84,29.98,44.57,1.78,7.55,8.1,222
E07000142,,,West Lindsey,,,,,7.22,2.57,23.27,7.8,21.47,26.64,7.04,23.24,11.89,24.15,39.3,11.56,29.56,47.44,3.16,6.76,7.68,137
E10000021,,Northamptonshire ,,11.48,17.88,37.85,32.79,7.24,2.36,10.54,9.1,13.86,8.19,15,20.76,4.9,34.2,41.5,5.41,29.3,36.28,1.28,7.06,7.42,852
E07000150,,,Corby,,,,,6.86,2.4,38.21,2.92,24.52,27.74,7.85,28.77,17.89,29.49,63.92,25.22,10.22,32.3,4.99,6.15,7.56,75
E07000151,,,Daventry,,,,,7.37,2.09,37.59,2.5,18.63,26.32,7.58,24.97,13.04,28.6,49.19,14.83,23.95,44.58,3.31,6.88,7.87,91
E07000152,,,East Northamptonshire,,,,,7.18,2.33,30.17,4.86,20.31,25.98,8.13,26.37,13.84,26.24,46.82,16.78,22.15,45.11,4.29,6.55,7.81,93
E07000153,,,Kettering,,,,,7.14,2.04,22.38,6.66,17.58,21.47,10.43,26.3,11.78,31.59,51.22,16.54,18.75,37.47,2.34,6.81,7.48,113
E07000154,,,Northampton,11.95,20.23,31.2,36.61,7.25,2.55,17.39,7.83,16.08,14.36,14.47,26,11.01,24.38,38.02,9.47,29.73,43.5,2.53,6.88,7.61,244
E07000155,,,South Northamptonshire,,,,,7.74,2.03,34.22,2.24,12.16,23.18,6.56,18.06,9.05,36.77,53.17,11.02,27.64,43.4,2.55,7.34,8.14,139
E07000156,,,Wellingborough,,,,,6.98,2.59,31.14,4.58,20.09,23.44,9.96,27.86,14.88,26.45,49.15,18.24,19.56,42.35,4.29,6.38,7.59,97
E10000024,,Nottinghamshire,,9.34,18.08,41.41,31.17,7.35,2.09,10.42,7.42,11.25,6.97,15.61,20.56,3.67,38.42,44.4,5.12,28.03,34.31,0.98,7.2,7.49,1051
E07000170,,,Ashfield,,,,,6.86,2.07,26.83,5.3,17.62,14.4,19.64,35.58,12.01,29.68,48.5,18.12,13.91,29.77,2.79,6.47,7.24,134
E07000171,,,Bassetlaw,,,,,7.45,2.16,25.4,5.06,15.44,16.76,11.66,23.36,8.66,30.9,43.8,11.29,27.04,42.75,2.56,7.07,7.83,192
E07000172,,,Broxtowe,,,,,7.46,1.82,39.91,1.38,12.47,18.19,10.48,22.53,7.09,40.92,54.49,13.56,21.01,36.73,2.52,7.08,7.84,137
E07000173,,,Gedling,,,,,7.57,2,40.23,1.24,11.52,22.55,7.06,18.71,8.51,38.02,53.66,11.78,26.66,43.14,2.66,7.17,7.98,147
E07000174,,,Mansfield,13.04,18.06,36.61,32.28,7.22,2.31,19.68,7.9,18.19,19.61,10.97,25.16,11.91,27.88,45.34,14.29,23.04,41.52,2.55,6.85,7.59,144
E07000175,,,Newark and Sherwood,,,,,7.31,2.18,19.84,6.7,15.49,20.94,9.53,23.24,9.28,32.87,47.81,15.2,22.41,41.94,2.67,6.92,7.7,162
E07000176,,,Rushcliffe,,,,,7.58,2.02,28.88,2.82,10.59,19.39,10.52,23.89,10.81,32.64,50.7,12.3,25.93,42.9,2.3,7.23,7.93,135
E12000005,WEST MIDLANDS,,,10.43,19.22,40.21,30.15,7.25,2.17,3.47,9.72,11.14,2.52,18.27,20.17,1.5,39.03,41.38,1.89,29.03,31.26,0.36,7.2,7.3,12260
E06000019,,"Herefordshire, County of UA",,11.28,16.5,38.45,33.76,7.36,2.17,10.91,8.86,13.7,9.87,13.3,19.7,4.87,34.77,42.13,5.62,30.03,37.5,1.15,7.2,7.53,936
E06000051,,Shropshire UA,,10.62,16.56,40.45,32.37,7.34,2.22,12.11,8.09,13.14,9.42,13.49,19.63,5.21,36.31,44.6,5.73,28.72,36.01,1.25,7.16,7.52,809
E06000021,,Stoke-on-Trent UA,,14.94,19.26,35.26,30.53,7.02,2.42,11.21,11.65,18.24,9.34,15.72,22.8,6.11,31.02,39.5,6.5,26.63,34.44,1.54,6.81,7.24,762
E06000020,,Telford and Wrekin UA,,11.89,16.81,37.16,34.15,7.28,2.3,11.44,9.21,14.56,8.69,13.93,19.68,5.31,33.28,41.04,5.39,30.53,37.77,1.25,7.11,7.46,880
E10000028,,Staffordshire,,10.03,17.31,39.23,33.43,7.34,2.22,10.97,7.87,12.19,8.11,14.55,20.07,4.48,35.78,42.68,5.18,30.02,36.84,1.13,7.18,7.5,1015
E07000192,,,Cannock Chase,,,,,7.18,2.28,29.54,3.9,15.43,20.23,15.08,35.91,18.38,17.12,37.33,14.85,26.33,48.9,3.88,6.62,7.75,128
E07000193,,,East Staffordshire,,,,,7.03,2.22,26.75,5.81,19.3,19.99,10.79,25.27,10.16,33.68,50.96,13.8,19.59,34.6,2.95,6.61,7.44,128
E07000194,,,Lichfield,,,,,7.45,2.16,43.09,0.98,13.88,19.49,13.39,30.7,13.87,26.04,46.22,13.09,25.33,43.47,2.89,7.02,7.89,130
E07000195,,,Newcastle-under-Lyme,,,,,7.51,2.34,34.59,3.31,18.35,29.85,4.77,19.04,14.75,27.24,50.14,14.23,27.56,49.58,3.56,6.98,8.05,140
E07000196,,,South Staffordshire,,,,,7.28,2.32,23.54,6.69,18.67,24.94,8.94,26.86,13.31,25.6,44.24,14.66,24.35,44.65,3.13,6.82,7.73,135
E07000197,,,Stafford,,,,,7.37,2.28,22.59,5.77,15.29,16.11,10.44,20.37,10.24,32.51,49.26,11.85,25.31,41.05,2.44,7.01,7.73,155
E07000198,,,Staffordshire Moorlands,,,,,7.58,1.89,39.94,0.99,9.09,26.22,6.21,20.09,8.98,44.69,64.4,16.72,18.09,36.43,2.66,7.17,7.98,114
E07000199,,,Tamworth,,,,,7.29,2.05,32.57,3.55,17.66,31.64,5.8,26.98,13.29,28.89,50.43,17.48,21.44,45.25,3.56,6.76,7.82,85
E10000031,,Warwickshire,,7.75,17.7,45.94,28.61,7.39,1.96,14.9,5.48,10.02,9.82,14.28,21.12,4.95,41.46,50.41,7.28,24.52,32.71,1.19,7.21,7.56,686
E07000218,,,North Warwickshire,,,,,7.22,1.82,51.26,-0.43,15.35,21.57,10.6,27.61,12.99,39.04,67.64,22.05,10.96,29.25,3.17,6.74,7.69,60
E07000219,,,Nuneaton and Bedworth,,,,,7.28,2.08,29.43,3.61,13.99,24.96,9.3,27.95,11.76,32.11,51.92,13.68,22.18,38.94,2.87,6.86,7.69,139
E07000220,,,Rugby,,,,,7.43,1.76,36.86,1.56,10.44,22.89,8.46,22.85,8.37,47.12,66.16,19.37,13.26,30.15,2.13,7.11,7.75,126
E07000221,,,Stratford-on-Avon,,,,,7.5,1.87,29.41,2.78,10.69,17.62,13.05,27.22,9.41,33.21,48.58,13.02,23.85,40.63,2.37,7.15,7.86,166
E07000222,,,Warwick,,,,,7.43,2.06,27.73,3.94,13.7,19.87,9.58,22.18,11.71,33.3,53.61,16.04,21.65,42.04,2.47,7.06,7.8,195
E11000005,,West Midlands (Met County),,10.95,20.8,39.93,28.32,7.17,2.17,4.79,9.92,11.97,3.36,19.43,22.17,2.11,38.28,41.59,2.78,26.78,29.87,0.51,7.09,7.24,6351
E08000025,,,Birmingham,12.45,20.81,39.64,27.11,7.06,2.21,9.1,10.22,14.67,6.77,18.04,23.57,4.52,36.12,43.16,6.14,23.84,30.38,1.08,6.91,7.21,1069
E08000026,,,Coventry,7.85,22.77,42.11,27.27,7.23,1.97,13.02,5.84,9.86,9.64,18.45,27.09,5.07,37.91,46.31,7.25,23.38,31.16,1.16,7.07,7.4,774
E08000027,,,Dudley ,8.93,23.27,40.8,27,7.21,2.08,12.41,6.75,11.12,7.86,19.68,26.87,4.84,36.92,44.68,6.91,23.32,30.67,1.16,7.04,7.37,831
E08000028,,,Sandwell ,14.39,17.18,31.94,36.5,7.27,2.46,9.99,11.56,17.22,8.19,14.41,19.94,5.64,28.4,35.48,5.13,32.82,40.18,1.32,7.08,7.46,893
E08000029,,,Solihull,8.9,17.68,43.76,29.66,7.35,2.09,12.11,6.78,11.02,7.96,14.91,20.44,4,40.32,47.21,5.56,26.42,32.9,1.07,7.2,7.51,970
E08000030,,,Walsall,11.27,15.32,38.03,35.38,7.44,2.21,11.16,8.79,13.74,9.17,12.56,18.09,4.96,34.32,41.74,5.44,31.59,39.17,1.22,7.26,7.62,828
E08000031,,,Wolverhampton,8.75,27.62,45.31,18.32,6.89,1.92,11.21,6.82,10.68,6.48,24.1,31.13,4.11,41.65,48.98,7.66,15.56,21.08,1.05,6.74,7.03,986
E10000034,,Worcestershire,,8.47,19.16,40.89,31.48,7.39,2.14,12.37,6.41,10.53,8.04,16.13,22.19,4.9,36.95,44.83,6.1,27.7,35.26,1.18,7.21,7.56,821
E07000234,,,Bromsgrove,,,,,7.33,2.16,39.83,1.36,12.18,17.05,16.25,33.15,12.73,26.91,45.37,13.77,23.44,41.33,3.26,6.85,7.81,136
E07000235,,,Malvern Hills,,,,,7.41,1.99,37.74,1.9,14.23,20.45,12.22,29.5,13.76,27.29,48.36,13.84,23.93,42.56,2.37,7.05,7.76,106
E07000236,,,Redditch,,,,,7.54,2.09,29.3,3,11.54,18.61,11.85,25.96,12.24,30.34,50.08,15.42,23.22,44.01,2.8,7.11,7.96,137
E07000237,,,Worcester,,,,,7.43,1.9,41.5,1.05,11.7,19.02,12.94,28.99,12.6,34.31,57.61,20.05,15.93,37.46,2.7,7.03,7.84,121
E07000238,,,Wychavon,,,,,7.3,2.37,16.99,7.64,15.47,20.99,8.97,21.89,10.25,31.89,48.28,13.31,24.19,41.67,2.73,6.9,7.7,191
E07000239,,,Wyre Forest,,,,,7.34,2.24,28.87,4.21,15.74,22.52,8.43,22.27,11.81,33.49,54.23,13.39,22.56,39.08,3.13,6.88,7.8,130
E12000006,EAST,,,9.34,17.89,41.56,31.21,7.34,2.11,3.89,8.63,10.05,2.72,16.93,18.84,1.45,40.37,42.75,1.84,30.08,32.34,0.36,7.29,7.4,9825
E06000055,,Bedford UA,,13.53,18.36,43.97,24.14,6.98,2.22,17.63,8.78,18.28,16.16,12.45,24.26,8.72,36.34,51.6,13.55,17.63,30.65,2.45,6.64,7.32,221
E06000056,,Central Bedfordshire UA,,9.05,15.69,40.54,34.72,7.47,2.08,17.57,5.91,12.19,12.41,11.84,19.53,6.34,35.46,45.62,7.12,29.84,39.61,1.55,7.24,7.7,447
E06000032,,Luton UA,,11.43,17.89,36.81,33.86,7.3,2.25,11.83,8.77,14.09,9.64,14.5,21.29,5.93,32.52,41.1,5.99,29.87,37.86,1.24,7.13,7.48,780
E06000031,,Peterborough UA,,11.23,18.38,38.88,31.51,7.25,2.34,12.24,8.52,13.93,9.25,15.04,21.73,6.06,34.25,43.51,6.9,27.23,35.79,1.5,7.04,7.46,730
E06000033,,Southend-on-Sea UA,,9.87,21,39.78,29.35,7.22,2.14,13.16,7.32,12.43,8.11,17.65,24.35,5.11,35.78,43.77,7.13,25.24,33.46,1.4,7.03,7.42,798
E06000034,,Thurrock UA,,10.21,19.53,39.09,31.16,7.34,2.13,12.24,7.75,12.67,8.94,16.1,22.97,5.39,34.95,43.24,7.17,26.77,35.56,1.27,7.16,7.52,721
E10000003,,Cambridgeshire,,9.78,17.93,43.27,29.02,7.26,2.11,12.27,7.42,12.14,8.59,14.9,20.95,4.49,39.45,47.1,5.74,25.75,32.3,1.16,7.1,7.43,845
E07000008,,,Cambridge,,,,,7.45,1.77,33.94,1.91,10,21.52,10.76,27.05,9.92,39.15,58.55,14.57,18.62,33.96,2.26,7.11,7.78,144
E07000009,,,East Cambridgeshire,,,,,7.6,2.17,26.96,4.08,13.8,21.9,8.37,21.6,13.4,27.39,47.68,12.13,29.12,47.97,2.54,7.21,7.99,133
E07000010,,,Fenland,,,,,7.12,2.14,27.97,5.99,21.42,21.38,9.4,23.6,13.86,29.11,51.65,14.32,20.94,37.9,3.39,6.63,7.6,127
E07000011,,,Huntingdonshire,,,,,7.16,2.27,25.69,5.17,15.94,15.55,12.1,22.91,7.65,36.8,49.99,11.78,21.87,35.23,2.78,6.77,7.56,229
E07000012,,,South Cambridgeshire,,,,,7.11,2.11,24.36,5.32,15.35,16.08,13.64,26.47,8.51,35.81,50.43,11.71,20.31,32.66,1.99,6.83,7.4,212
E10000012,,Essex,,9.47,19.81,41.23,29.49,7.25,2.13,8.22,7.94,11,5.72,17.59,22.04,3.19,38.65,43.81,4.08,27.13,31.85,0.79,7.14,7.36,1700
E07000066,,,Basildon,,,,,7.05,2.2,24.26,4.96,14.3,17.33,16.43,33.88,10.1,31.18,46.96,15.24,18.18,34.12,2.63,6.68,7.42,164
E07000067,,,Braintree,,,,,7.33,2.13,22.81,4.41,11.76,16.29,12.71,24.94,10.07,36.05,54.16,12.87,20.8,35.17,2.16,7.02,7.65,183
E07000068,,,Brentwood,,,,,6.78,2.26,30.86,4.77,21.71,19.81,19.77,47.34,19.63,16.63,39.48,21.61,13.88,36.43,4.01,6.22,7.34,74
E07000069,,,Castle Point,,,,,7.09,2,32.57,4.06,20.03,25.77,7.94,25.45,11.8,33.03,53.9,16.76,18.32,37.28,3.16,6.63,7.55,100
E07000070,,,Chelmsford,,,,,7.56,2,22.09,4.71,12.07,17.59,8.25,17.1,7.45,38.3,51.59,9.63,27.49,40.5,1.88,7.28,7.84,254
E07000071,,,Colchester,,,,,7.2,2.15,21.91,5.7,14.49,14.81,15.8,29,10.16,30.04,45.25,11.66,22.93,36.79,2.17,6.89,7.51,216
E07000072,,,Epping Forest,,,,,7.34,2.25,35.89,2.12,13.05,20.28,11.18,26.54,11.72,30.74,49.67,12.89,24.72,41.99,2.87,6.91,7.76,130
E07000073,,,Harlow,,,,,6.54,2.24,25.96,7.66,25.42,22.01,12.4,33.14,14.36,32.01,59.06,27.59,6.51,23.81,4.16,5.98,7.1,66
E07000074,,,Maldon,,,,,7.81,1.81,70.35,-1.48,8.02,28.78,6.25,24.54,14.83,28.1,52.87,15.49,27.79,53.91,2.99,7.33,8.29,95
E07000075,,,Rochford,,,,,7.07,2.31,27,5.81,19.76,17.3,14.25,29.58,13.02,26.38,45.22,16.03,19.94,39.06,3.47,6.57,7.56,107
E07000076,,,Tendring,,,,,7.34,2.12,23.7,5.22,14.55,18.9,9.98,22.02,7.7,37.68,51.33,11.48,22.84,36.38,2.35,7,7.69,193
E07000077,,,Uttlesford,,,,,7.78,1.58,90.18,-1.7,5.84,22.08,9.59,25.01,11.07,35.25,55.56,13.36,25.72,44.72,2.25,7.42,8.13,118
E10000015,,Hertfordshire ,,8.36,16.39,43.79,31.45,7.45,2,10.2,6.68,10.03,7.13,14.1,18.69,3.51,40.77,46.82,4.63,28.59,34.32,0.82,7.33,7.57,1281
E07000095,,,Broxbourne,,,,,7.71,2.2,35.8,2.65,17.04,29.97,4.25,17.64,15.3,26.07,49.75,14.71,28.9,53.72,3.42,7.17,8.25,82
E07000096,,,Dacorum,,,,,7.36,1.89,28.84,3.32,12.3,21.35,8.3,20.61,8.48,42.41,59.67,12.13,20.24,33.15,1.99,7.07,7.65,176
E07000097,,,East Hertfordshire,,,,,7.72,1.88,30.07,2.27,9.16,22.58,6,15.91,11.8,36.71,59.44,13.29,25.87,44.63,1.87,7.44,8.01,149
E07000098,,,Hertsmere,,,,,7.76,2.25,32.38,3.07,14.66,25.9,5.51,17.58,12.77,28.97,49.08,13.18,29.78,51.35,3.12,7.27,8.25,117
E07000099,,,North Hertfordshire,,,,,7.58,1.9,27.33,3.4,11.55,20.74,7.93,19.13,8.91,38.61,55.31,12.05,24.33,39.74,2.25,7.24,7.92,166
E07000240,,,St Albans,,,,,7.19,2.2,28.6,5.2,19.02,17.56,11.19,23.26,9.55,32.99,48.51,12.75,22.31,37.53,2.71,6.8,7.58,185
E07000101,,,Stevenage,,,,,7.08,2.18,27.23,5.7,19.97,22.45,12.18,32.81,14.82,23.17,43.27,19.39,19,43.9,3.76,6.53,7.62,86
E07000102,,,Three Rivers,,,,,7.48,2.03,31.48,3.47,15.64,20.77,8.47,20.74,10.94,33.54,52.59,13.55,23.8,41.77,2.76,7.07,7.9,113
E07000103,,,Watford,,,,,7.24,1.77,42.63,0.89,11.93,18.52,15.58,34.22,10.42,34.6,53.06,19.8,14.92,34.82,2.76,6.83,7.64,103
E07000241,,,Welwyn Hatfield,,,,,7.34,1.64,41.19,0.79,8.42,22.63,13.84,36.93,11.29,35.71,56.68,19.81,14.33,33.3,2.34,6.99,7.68,104
E10000020,,Norfolk ,,8.54,16.43,40.76,34.28,7.45,2.11,11.7,6.58,10.51,7.35,14.05,18.8,3.85,37.67,43.84,4.76,31.07,37.48,1,7.3,7.6,1259
E07000143,,,Breckland,,,,,7.4,1.98,24.48,3.1,8.98,12.75,14.72,24.73,7.76,38.55,52.64,10.97,22.39,34.9,1.75,7.14,7.66,215
E07000144,,,Broadland,,,,,7.54,1.97,29.16,3.04,11.54,17.51,10.95,22.74,9.31,35.42,51.61,11.44,24.95,39.75,2.12,7.23,7.86,193
E07000145,,,Great Yarmouth,,,,,7.28,2.36,25.28,5.39,16.55,27.73,7.57,26.69,13.1,25.36,43.53,12.39,28.11,46.8,3.39,6.79,7.78,135
E07000146,,,Kingâ€™s Lynn and West Norfolk,,,,,7.54,2.09,24.2,4.65,13.33,20.87,8.93,21.68,9.88,31.31,46.68,13.17,27.06,46.35,2.64,7.14,7.93,197
E07000147,,,North Norfolk,,,,,7.53,2.12,35.09,2.36,13.49,23.27,8.1,22.22,11.71,31.45,50.71,13.02,26.5,45.18,2.93,7.09,7.97,148
E07000148,,,Norwich,,,,,7.33,2.2,30.11,4.5,17.98,17.57,9.96,20.7,10.36,31.07,47.23,12.77,25.55,43.01,2.89,6.91,7.75,193
E07000149,,,South Norfolk,,,,,7.59,1.97,32.77,2.1,10.05,18.12,10.05,21.42,10.22,34,51.42,11.63,27.25,43.72,2.15,7.27,7.92,178
E10000029,,Suffolk,,9.03,17.61,41.01,32.35,7.42,2.1,11.76,6.94,11.11,7.56,15,20.23,3.98,37.8,44.22,5.13,29.08,35.61,1.02,7.27,7.56,1043
E07000200,,,Babergh,,,,,7.54,1.94,38.78,1.75,14.24,25.94,8.61,27.44,10.48,30.15,46.29,12.44,26.8,44.71,2.99,7.09,8,128
E07000201,,,Forest Heath,,,,,7.35,2.39,36.32,3.47,23.92,20.33,13.47,32.82,24.32,12.06,36.18,18.66,24.07,54.01,4.62,6.65,8.04,70
E07000202,,,Ipswich,,,,,7.6,1.99,37.56,1.27,8.86,17.32,11.77,24.17,9.45,34,49.78,12.25,26.51,43.63,2.11,7.28,7.92,200
E07000203,,,Mid Suffolk,,,,,7.42,2.02,28.82,3.68,13.76,24.93,8.78,26.36,11.03,34.7,54.41,15.41,20.14,38.18,2.47,7.05,7.79,139
E07000204,,,St Edmundsbury,,,,,7.24,2.17,24.94,5.15,15.38,17.37,10.56,21.78,8.93,36.19,51.9,12.27,22.29,36.75,2.39,6.9,7.59,171
E07000205,,,Suffolk Coastal,,,,,7.33,2.29,24.81,6.12,18.15,20.72,8.06,19.44,8.79,34.97,49.85,11.47,24.44,38.96,2.99,6.89,7.77,181
E07000206,,,Waveney,,,,,7.37,1.91,30.55,2.97,12.23,17.93,12.05,25.48,9.52,36.89,54.18,14.4,20.03,36.17,2.15,7.06,7.69,154
E12000007,LONDON,,,10.33,19.36,42.19,28.12,7.21,2.14,2.93,9.73,10.92,2.11,18.55,20.16,1.23,41.18,43.21,1.69,27.19,29.06,0.31,7.17,7.25,13551
E13000001,,Inner London,,10.07,20.57,43.41,25.95,7.15,2.12,4.72,9.14,11,3.32,19.23,21.91,1.94,41.75,45.06,2.81,24.52,27.38,0.47,7.08,7.22,5569
E09000007,,,Camden,9.55,20.98,45.48,23.99,7.13,2.05,17.84,6.19,12.91,12.98,15.61,26.35,7.16,39.06,51.9,11.1,18.74,29.25,1.73,6.89,7.37,428
E09000001,,,City of London,,,,,7.44,2.21,92.1,-23.08,80.42,0,0,0,150.35,-23.96,48.58,48.22,3.25,114.8,16.64,5.02,9.87,4
E09000012,,,Hackney ,12.31,20.67,39.56,27.46,7.02,2.28,14.84,8.71,15.91,12.23,15.69,25.66,7.92,33.38,45.74,10.29,21.89,33.03,1.83,6.77,7.27,407
E09000013,,,Hammersmith and Fulham ,13.7,18.98,42.91,24.41,6.94,2.27,13.07,10.17,17.23,11.66,14.62,23.35,5.74,38.05,47.77,9.65,19.76,29.05,1.86,6.69,7.2,511
E09000014,,,Haringey,11.26,16.99,47.66,24.09,7.13,2.09,15.02,7.92,14.6,13.09,12.59,21.38,6.68,41.37,53.94,10.69,19.01,29.18,1.49,6.92,7.34,370
E09000019,,,Islington,12.23,22.51,44.01,21.24,6.85,2.2,15.92,8.39,16.08,12.16,17.11,27.91,7.05,37.89,50.13,11.43,16.45,26.03,2.01,6.57,7.12,374
E09000020,,,Kensington and Chelsea,8.15,14.21,43.48,34.16,7.51,2.06,16.99,5.42,10.88,12.81,10.63,17.8,5.57,38.71,48.25,7.33,29.23,39.09,1.35,7.31,7.71,555
E09000022,,,Lambeth ,11.03,22.28,45.43,21.26,6.97,2.12,15.26,7.7,14.37,12.99,16.55,28,7.31,38.85,52,13.16,15.73,26.8,1.86,6.72,7.23,333
E09000023,,,Lewisham ,10.19,21.22,39.77,28.83,7.13,2.18,16.26,6.92,13.46,11.3,16.48,25.95,6.92,34.34,45.2,8.75,23.84,33.81,1.72,6.88,7.37,405
E09000025,,,Newham ,6.45,25.88,37.15,30.51,7.32,2.04,19.32,3.99,8.92,9.6,20.98,30.78,6.87,32.12,42.19,7.14,26.21,34.81,1.42,7.11,7.52,438
E09000028,,,Southwark,9.68,22.75,39.06,28.52,7.2,2.14,18.42,6.16,13.19,10.81,17.9,27.6,7.47,33.3,44.81,9.34,23.26,33.77,1.72,6.96,7.45,438
E09000030,,,Tower Hamlets,9.48,19.22,40.98,30.32,7.32,2.1,19.72,5.79,13.17,10.8,15.13,23.32,6.35,35.85,46.11,8.34,25.33,35.31,1.63,7.08,7.55,441
E09000032,,,Wandsworth,7.74,19.14,50.69,22.44,7.28,1.89,19.17,4.81,10.67,12.91,14.26,24.02,6.68,43.99,57.38,12.98,16.68,28.2,1.65,7.04,7.52,335
E09000033,,,Westminster,10.53,20.41,46.92,22.14,7.09,2.13,15.35,7.35,13.72,9.9,16.43,24.38,6.26,41.13,52.71,9.91,17.82,26.46,1.54,6.88,7.31,530
E13000002,,Outer London,,10.5,18.56,41.4,29.55,7.25,2.16,3.74,9.73,11.27,2.74,17.56,19.55,1.58,40.12,42.68,2.11,28.32,30.77,0.4,7.19,7.3,7982
E09000002,,,Barking and Dagenham,14.95,21.14,33.56,30.35,6.97,2.52,12.83,11.16,18.73,10.51,16.76,25.53,7.83,28.38,38.74,8.78,25.09,35.62,2.01,6.7,7.25,456
E09000003,,,Barnet,8.17,19.93,44.86,27.04,7.27,1.88,19.3,5.06,11.28,12.25,15.11,24.75,7,38.66,51.06,9.42,22.01,32.07,1.49,7.06,7.49,361
E09000004,,,Bexley,12.07,18.34,37.67,31.92,7.21,2.33,13.73,8.8,15.34,12.13,13.94,22.73,6.46,32.86,42.47,8.5,26.57,37.28,1.78,6.95,7.46,409
E09000005,,,Brent ,10.99,20.33,46.55,22.13,7.09,2.11,15.44,7.64,14.34,10.54,16.1,24.56,5.85,41.18,51.92,11.17,17.26,27,1.68,6.85,7.32,506
E09000006,,,Bromley,7.59,19.16,44.65,28.6,7.36,2.06,16.24,5.16,10.01,10.37,15.25,23.08,5.39,39.9,49.4,7.95,24.12,33.09,1.41,7.16,7.56,512
E09000008,,,Croydon,12.21,20.69,40.16,26.95,7.11,2.26,13.06,9.06,15.36,13.11,15.33,26.04,6.79,34.76,45.55,10.61,21.3,32.6,1.96,6.83,7.38,357
E09000009,,,Ealing,9.06,19.22,37.74,33.99,7.44,2.11,18.75,5.7,12.41,10.23,15.34,23.1,7.13,32.43,43.05,8.42,28.33,39.64,1.67,7.19,7.68,415
E09000010,,,Enfield,6.69,17.16,48.38,27.76,7.41,1.81,19.85,4.07,9.31,11.42,13.3,21.03,5.61,43.03,53.74,8.57,23.06,32.45,1.27,7.22,7.59,415
E09000011,,,Greenwich,13.44,18,43.56,25,7.05,2.26,13.19,9.94,16.94,11.47,13.92,22.07,6.51,37.97,49.16,10,20.07,29.93,1.84,6.8,7.31,454
E09000015,,,Harrow,10.48,15.22,46.1,28.19,7.35,2.08,14.82,7.42,13.54,10.49,12.07,18.37,5.59,41.03,51.18,8.47,23.49,32.9,1.38,7.15,7.56,518
E09000016,,,Havering,13.65,14.37,41.24,30.74,7.24,2.3,14.54,9.73,17.57,14,10.4,18.35,6.49,35.95,46.52,9.05,25.24,36.24,1.85,6.97,7.5,380
E09000017,,,Hillingdon,8.19,19.66,40.74,31.41,7.34,2.13,19.06,5.11,11.28,11.03,15.38,23.94,7.03,35.09,46.39,8.28,26.27,36.54,1.56,7.12,7.57,362
E09000018,,,Hounslow,10.79,18.96,38.2,32.05,7.29,2.13,15.4,7.51,14.07,11.72,14.58,23.35,7.56,32.5,43.89,8.69,26.55,37.55,1.65,7.05,7.52,421
E09000021,,,Kingston upon Thames,10.69,16.82,47.1,25.39,7.18,2.1,15.24,7.47,13.91,12.99,12.51,21.14,5.75,41.74,52.45,9.84,20.45,30.32,1.68,6.94,7.42,410
E09000024,,,Merton,14.11,17.7,37.5,30.7,7.13,2.35,18.2,9.04,19.18,12.27,13.41,21.98,8.09,31.51,43.49,9.34,25.03,36.36,2.26,6.81,7.45,421
E09000026,,,Redbridge,10.63,17.17,37.02,35.18,7.34,2.24,15.28,7.42,13.83,10.06,13.76,20.58,7.49,31.54,42.49,8.77,29.1,41.27,1.74,7.09,7.6,473
E09000027,,,Richmond upon Thames,7.67,18.76,43.96,29.61,7.33,2,18.32,4.89,10.45,11.75,14.4,23.11,6.66,38.17,49.75,8.61,24.58,34.65,1.52,7.11,7.55,393
E09000029,,,Sutton,,,,,7.13,2.25,20.92,6.6,15.91,11.58,15.09,24.05,7.87,31.81,43.53,8.01,26.51,36.49,2.35,6.8,7.46,357
E09000031,,,Waltham Forest,10.71,18.83,36.64,33.83,7.26,2.23,16.59,7.2,14.22,13.09,13.96,23.7,8.74,30.31,42.96,9.15,27.72,39.94,1.82,7,7.52,362
E12000008,SOUTH EAST,,,9.49,17.7,42.11,30.71,7.34,2.11,3.13,8.9,10.07,2.19,16.94,18.46,1.14,41.17,43.05,1.51,29.8,31.62,0.3,7.29,7.38,19178
E06000036,,Bracknell Forest UA,,9.92,18.13,43.87,28.08,7.25,2.04,12.71,7.44,12.4,8.31,15.17,21.1,4.68,39.83,47.91,6.49,24.49,31.66,1.2,7.08,7.42,851
E06000043,,Brighton and Hove UA,,12.1,19.01,40.53,28.36,7.14,2.22,11.85,9.28,14.91,9.21,15.57,22.46,4.8,36.71,44.36,7.32,24.27,32.44,1.46,6.93,7.34,912
E06000046,,Isle of Wight UA,,9.8,18.11,37.45,34.63,7.4,2.23,11.68,7.55,12.05,7.47,15.46,20.77,4.65,34.04,40.87,4.57,31.52,37.74,1.06,7.24,7.55,1224
E06000035,,Medway UA,,11.57,19.69,40.86,27.89,7.16,2.18,10.09,9.27,13.86,7.83,16.66,22.72,4.66,37.12,44.6,6.73,24.2,31.57,1.16,7,7.32,892
E06000042,,Milton Keynes UA,,12.66,17.46,42.4,27.47,7.13,2.19,10.24,10.11,15.21,8.92,14.4,20.53,4.55,38.61,46.2,6.41,24.01,30.94,1.22,6.96,7.31,884
E06000044,,Portsmouth UA,,12.65,18.73,40.71,27.91,7.14,2.19,11,9.91,15.38,7.84,15.84,21.62,4.69,36.95,44.46,6.48,24.36,31.47,1.32,6.95,7.32,918
E06000038,,Reading UA,,7.59,18.5,44.32,29.6,7.4,1.9,14.71,5.39,9.78,8.37,15.45,21.55,4.78,40.15,48.48,6.62,25.74,33.45,1.11,7.23,7.56,910
E06000039,,Slough UA,,12.87,18.66,35.25,33.23,7.2,2.34,12.06,9.81,15.92,8.99,15.36,21.96,6.18,30.96,39.53,6.8,28.78,37.67,1.58,6.98,7.42,724
E06000045,,Southampton UA,,10.08,19.7,44.17,26.06,7.21,2.05,12.24,7.65,12.5,7.37,16.84,22.55,4.5,40.26,48.08,6.69,22.63,29.49,1.13,7.05,7.37,912
E06000037,,West Berkshire UA,,8.51,15.15,46.9,29.43,7.42,1.97,14.7,6.05,10.98,9.18,12.41,17.89,4.79,42.48,51.32,6.49,25.67,33.19,1.14,7.25,7.59,822
E06000040,,Windsor and Maidenhead UA,,8.71,16.39,45.9,29,7.37,1.99,12.63,6.55,10.88,8.86,13.53,19.24,4.17,42.14,49.67,5.96,25.6,32.4,1.04,7.22,7.52,813
E06000041,,Wokingham UA,,7.76,15.95,44.72,31.57,7.5,1.96,13.48,5.7,9.82,9.91,12.84,19.07,4.26,40.98,48.47,5.96,27.87,35.27,1.1,7.34,7.66,773
E10000002,,Buckinghamshire,,8.85,17.02,45.87,28.26,7.36,1.98,12.24,6.72,10.99,8.47,14.19,19.86,4.2,42.08,49.65,6.12,24.86,31.66,1.08,7.21,7.52,817
E07000004,,,Aylesbury Vale,,,,,7.4,1.96,20.26,5.22,12.21,13.59,12.66,21.99,7.19,37.73,50.27,9.64,24.24,35.68,1.78,7.14,7.66,316
E07000005,,,Chiltern,,,,,7.45,1.89,33.32,1.87,9.43,18.99,12.54,28.02,9.41,37.88,55.54,14.72,19.27,35.46,2.27,7.11,7.79,147
E07000006,,,South Bucks,,,,,7.68,1.92,35.61,1.89,11.73,42.05,1.18,14.91,9.09,44.25,64.24,18.26,19.45,42.34,3.06,7.21,8.16,91
E07000007,,,Wycombe,11.43,18.53,44.25,25.78,7.15,2.06,19.71,6.96,15.91,13.31,13.64,23.42,7.8,37.41,51.1,11.07,20.12,31.44,2.01,6.86,7.43,263
E10000011,,East Sussex,,10.32,17.35,41.79,30.54,7.27,2.2,6.12,7.85,12.79,8.46,14.46,20.23,4.21,38.33,45.25,5.49,27.25,33.84,1.15,7.11,7.44,935
E07000061,,,Eastbourne,,,,,7.09,2.12,21.98,6.6,16.92,20.46,11.89,28.29,9.27,36.35,52.86,14.11,16.91,30.17,2.27,6.77,7.41,178
E07000062,,,Hastings,,,,,7.17,2.32,24.71,5.93,17.56,21.68,10.98,27.82,11.42,27.71,44.15,13.65,23.93,41.92,2.84,6.76,7.58,140
E07000063,,,Lewes,,,,,7.48,2.16,40.2,2.02,18.33,21.45,7.84,19.54,9.79,32.82,48.73,11.92,26.96,43.76,3.27,6.99,7.97,175
E07000064,,,Rother,,,,,7.52,2.01,33.9,2.17,11.3,18.02,9.45,20.11,9.12,37.46,54.18,12.08,24.78,40.56,2.24,7.18,7.85,158
E07000065,,,Wealden,,,,,7.17,2.28,20.15,6.49,15.12,13.68,13.27,23.14,8.14,34.72,48.08,10.61,23.36,35.8,2.19,6.86,7.48,284
E10000014,,Hampshire,,8.42,16.4,40.68,34.5,7.5,2.11,9.02,6.93,9.91,6.27,14.38,18.42,3.21,38.11,43.24,3.76,31.96,37.05,0.77,7.39,7.61,1775
E07000084,,,Basingstoke and Deane,,,,,7.34,2.05,25.4,4.03,12.25,15.89,14.02,26.98,9.25,34.72,50.36,12.13,21.87,35.77,2.15,7.03,7.65,216
E07000085,,,East Hampshire,,,,,7.27,2.26,25.84,5.68,17.79,19.23,9.56,21.47,9.21,34.97,50.73,11.51,23.02,36.76,2.66,6.89,7.66,186
E07000086,,,Eastleigh,,,,,7.57,2.02,26.47,3.95,12.84,19.77,8.46,19.53,7.78,37.14,50.83,11.11,26.16,41.1,2.21,7.24,7.91,162
E07000087,,,Fareham,,,,,7.39,2.27,24.53,4.92,14.42,24.16,7.85,22.57,12.23,29.77,49.09,13.45,26.07,45.31,2.86,6.97,7.82,152
E07000088,,,Gosport,,,,,7.29,2.14,30.79,3.24,13.94,29.05,7.58,29.19,14.5,32.68,59.82,19.04,16.47,37.08,2.92,6.86,7.72,103
E07000089,,,Hart,,,,,8.04,1.87,44.5,0.45,8.47,25.92,6.2,19.83,11.5,28.88,46.36,12.7,33.38,56.43,2.76,7.6,8.49,106
E07000090,,,Havant,,,,,7.5,2.17,33.79,1.96,10.11,19.53,10.61,24.19,9.39,34.88,50.99,12.99,24.9,42.35,2.74,7.09,7.9,175
E07000091,,,New Forest,,,,,7.53,1.98,29.91,2.26,8.84,13.63,14.53,25.28,8.2,34.28,47.57,9.75,27.13,40.12,1.93,7.24,7.82,266
E07000092,,,Rushmoor,,,,,7.35,2.47,29,6.65,25.32,32.17,3.69,17.24,13.91,26.17,46.53,14.44,26.38,48.01,3.79,6.79,7.91,108
E07000093,,,Test Valley,,,,,7.56,2.1,30.04,3.4,13.67,20.48,9.55,22.84,11.73,27.76,44.81,10.72,30.61,47.37,2.42,7.19,7.93,149
E07000094,,,Winchester,,,,,7.73,1.9,31.59,2.82,12.49,25.21,7.49,22.75,11.51,28.31,45.25,11.76,30.93,49.96,2.27,7.38,8.08,152
E10000016,,Kent,,9.92,18.69,39.36,32.04,7.29,2.19,8.61,8.24,11.6,8.61,16.49,20.89,3.2,36.88,41.83,4.08,29.47,34.6,0.9,7.16,7.42,1806
E07000105,,,Ashford,,,,,7.19,2.14,26.77,4.58,15.06,18.14,13.43,28.64,9.86,35.66,53.11,13.97,17.87,31.65,2.59,6.82,7.56,186
E07000106,,,Canterbury,,,,,7.18,2.21,22.82,6.45,17.19,17.36,13.76,28.32,8.48,27.69,38.95,11.43,26.12,41.52,2.47,6.83,7.53,198
E07000107,,,Dartford,,,,,7.69,1.94,42.67,0.71,9.72,25.07,8.11,24.84,12.59,31.36,52.83,18.41,22.71,49.73,3.38,7.16,8.21,101
E07000108,,,Dover,,,,,7.16,2.35,27.7,4.63,16.2,22.16,10.27,26.67,10.81,33.14,51.47,14.65,20.35,37.26,3.31,6.68,7.63,141
E07000109,,,Gravesham,,,,,6.98,2.32,42.44,1.9,25.12,20.23,11.36,27.11,14.01,28.06,50.28,16.38,18.77,37.4,4.66,6.32,7.63,94
E07000110,,,Maidstone,,,,,7.31,2.09,23.61,4.61,12.81,17.99,14.57,30.86,11.62,27.51,44.1,10.84,25.69,39.85,2.35,6.97,7.65,182
E07000111,,,Sevenoaks,,,,,7.4,2.1,30.62,3.3,13.93,22.68,8.36,22.41,11.39,31.9,50.9,14.59,24.44,44.77,3.05,6.95,7.86,123
E07000112,,,Shepway,,,,,7.2,2.03,33.74,2.55,13.14,22.64,13.26,35.22,11.94,30.72,50,15.69,18.91,36.21,2.96,6.77,7.63,141
E07000113,,,Swale,,,,,7.38,2.19,22.74,6.43,17.09,19.22,10.28,23.04,10.77,30.34,46.91,12.04,25.05,40.86,2.58,7,7.75,204
E07000114,,,Thanet,,,,,7.4,2.32,22.9,5.57,14.95,21.74,9.16,23.2,10.55,28.74,44.07,11.52,28.61,45.7,3.43,6.89,7.9,162
E07000115,,,Tonbridge and Malling,,,,,7.32,2.25,34.68,3.22,18.01,23.89,7.2,20.48,11.59,32.73,52.59,18.06,20.96,44.8,3.92,6.75,7.9,131
E07000116,,,Tunbridge Wells,,,,,7.28,2.22,30.26,3.46,14.11,19.48,10.25,23.36,11.21,32.84,51.85,12.71,23.9,40.22,2.61,6.9,7.66,143
E10000025,,Oxfordshire ,,9.58,19.44,44.72,26.26,7.17,2.11,15.8,6.6,12.56,10.01,15.61,23.27,4.78,40.52,48.93,6.6,22.85,29.66,1.33,6.98,7.36,824
E07000177,,,Cherwell,,,,,7.42,2.16,36.84,1.81,12.03,22.4,9.61,25.29,12,34.42,56.25,13.88,21.86,38.72,2.8,7,7.84,154
E07000178,,,Oxford,,,,,6.95,2.04,38.91,2.44,19.9,21.57,13.03,32.97,10.96,33.36,52.2,15.68,15.79,30.31,3.34,6.48,7.42,153
E07000179,,,South Oxfordshire,,,,,7.02,2.07,23.42,5.78,15.89,18.58,14.22,30.95,8.95,32.96,47.28,12.58,19.83,33.09,2.73,6.64,7.4,189
E07000180,,,Vale of White Horse,,,,,7.45,1.93,24.27,4.67,13.4,16.88,9.05,18.22,6.7,43.34,56.7,14.28,19.54,35.08,2.2,7.13,7.78,186
E07000181,,,West Oxfordshire,,,,,7.07,2.33,30.28,3.78,15.44,20.66,10.81,26.07,9.28,38.43,55.99,16.3,16.66,32.82,2.8,6.68,7.47,142
E10000030,,Surrey,,7.23,17.35,44.98,30.44,7.44,1.94,11.12,5.65,8.81,6.42,15.16,19.54,3.69,41.72,48.24,5.14,27.37,33.51,0.87,7.31,7.57,1346
E07000207,,,Elmbridge,,,,,7.62,1.83,36.86,1.7,11.28,20.89,6.21,15.13,10.34,41.9,63.76,14.26,21.45,38.57,2.28,7.27,7.97,152
E07000208,,,Epsom and Ewell,,,,,7.47,2.17,30.16,3.71,15.61,32.49,3.02,14.93,12.35,37.57,62.92,16.55,20.6,41.64,2.91,7.03,7.92,77
E07000209,,,Guildford,,,,,7.18,2.04,27.15,3.62,12.25,15.89,15.63,30.22,13.32,27.91,48.22,16.88,20.57,41.59,2.77,6.78,7.57,148
E07000210,,,Mole Valley,,,,,7.45,1.84,61,-1.31,12.97,19.73,11.22,25.94,10.65,36.87,56.93,17.7,18.49,38.88,3.61,6.91,7.99,138
E07000211,,,Reigate and Banstead,,,,,7.5,2.03,38.51,1.61,12.45,20.32,8.45,20.05,9.83,38.96,58.07,13.4,22.1,38.33,2.8,7.08,7.92,150
E07000212,,,Runnymede,,,,,7.2,2,36.49,2.25,15.2,22.28,14.17,37.67,22.09,19.85,52.25,28.39,12.38,46.23,4.33,6.57,7.83,81
E07000213,,,Spelthorne,,,,,7.55,1.98,28.9,4.28,16.09,25.7,6.67,20.89,11.7,31.74,51.22,13.13,25.45,43.66,2.35,7.19,7.9,126
E07000214,,,Surrey Heath,,,,,7.44,1.8,37.62,1.51,11.09,16.73,13.86,28.03,10.97,35.38,55.56,16.34,18.27,36.31,2.21,7.11,7.77,107
E07000215,,,Tandridge,,,,,7.21,1.99,32.74,3.38,16.54,24.59,7.54,22.37,10.7,37.25,57.76,18.97,17.02,38.12,3.1,6.76,7.66,99
E07000216,,,Waverley,,,,,7.76,1.62,39.64,0.87,7.44,18.62,10.3,22.49,9.77,36.32,53.91,11.99,26.12,42.56,1.79,7.49,8.04,174
E07000217,,,Woking,,,,,7.42,1.94,45.32,0.39,8.73,21.38,13.3,33.46,13.41,31.98,55.69,18.93,17.45,39.01,2.92,6.98,7.86,94
E10000032,,West Sussex,,10.21,16.39,40.94,32.45,7.4,2.14,10.56,8.09,12.33,8.67,13.6,19.19,4.11,37.63,44.25,5.32,29.06,35.85,1.06,7.25,7.55,1040
E07000223,,,Adur,,,,,7.27,2.23,37.78,2.62,20.96,34.16,4.48,25.75,16.05,29,57.64,19.55,17.79,41.76,3.68,6.72,7.82,70
E07000224,,,Arun,,,,,7.43,2.13,26.58,4.54,14.77,18.2,10.2,21.8,8.59,34.14,48.25,11.12,25.8,40.49,2.41,7.08,7.79,193
E07000225,,,Chichester,,,,,7.52,2.12,25.49,5.17,15.9,21.29,8.61,21.35,10.61,30.51,46.93,12.49,26.84,44.7,2.58,7.13,7.91,161
E07000226,,,Crawley,,,,,7.26,2.47,22.5,8.49,22.58,26.61,6.28,20.8,12.48,27.51,46,14.91,23.9,44.44,3.5,6.75,7.77,116
E07000227,,,Horsham,,,,,7.56,1.9,27.18,2.92,9.84,19.5,9.5,21.59,9.71,37.57,55.59,14.34,22.49,40.49,2.15,7.24,7.89,196
E07000228,,,Mid Sussex,,,,,7.49,2.12,26,3.92,12.37,19.86,10.43,24.13,10.33,30.32,46.06,11.75,27.85,44.91,2.5,7.11,7.86,171
E07000229,,,Worthing,,,,,7.16,1.98,32.77,3.83,18.54,25.37,10.92,33.55,11.63,32.42,52.17,19.71,14.68,33.89,3.17,6.7,7.61,133
E12000009,SOUTH WEST,,,10.24,17.43,40.09,32.25,7.34,2.16,3.48,9.54,10.93,2.48,16.58,18.28,1.4,38.99,41.19,1.7,31.18,33.32,0.34,7.29,7.39,13257
E06000022,,Bath and North East Somerset UA,,6.86,15.73,44.59,32.81,7.53,1.91,14.96,4.85,8.88,9.38,12.83,18.63,4.78,40.4,48.78,6.44,28.66,36.97,1.02,7.38,7.68,900
E06000028,,Bournemouth UA,,10.14,18.25,42.78,28.83,7.25,2.14,10.12,8.12,12.16,8.1,15.34,21.15,4.71,38.82,46.74,6.1,25.37,32.29,1.03,7.11,7.4,1013
E06000023,,"Bristol, City of UA",,11.78,19.48,41.91,26.83,7.15,2.08,14.42,8.44,15.12,9.26,15.93,23.03,5.54,37.34,46.49,7.12,23.07,30.59,1.43,6.95,7.36,677
E06000052,,Cornwall UA,,10.38,15.07,37.36,37.2,7.48,2.22,10.55,8.22,12.53,8.74,12.48,17.66,4.6,33.98,40.73,4.66,33.79,40.61,1.09,7.32,7.64,995
E06000053,,Isles of Scilly UA,,,,,,,,,,,,,,,,,,,,,,,
E06000024,,North Somerset UA,,9.78,20.08,39.84,30.3,7.29,2.04,11.79,7.51,12.05,8.18,16.85,23.31,5.29,35.7,43.99,6.06,26.69,33.91,1.12,7.13,7.45,774
E06000026,,Plymouth UA,,10.38,14.88,41.54,33.2,7.37,2.23,12.28,7.87,12.88,8.47,12.4,17.36,4.43,37.92,45.16,5.64,29.52,36.89,1.32,7.18,7.56,746
E06000029,,Poole UA,,10.39,17.88,41.03,30.69,7.29,2.16,10.77,8.19,12.59,9.12,14.68,21.09,4.85,37.12,44.94,5.52,27.36,34.02,1.12,7.13,7.46,1027
E06000025,,South Gloucestershire UA,,9.98,17.38,39.47,33.17,7.37,2.09,10.96,7.83,12.14,9.42,14.16,20.61,6.15,34.69,44.24,6.86,28.69,37.64,1.13,7.2,7.53,915
E06000030,,Swindon UA,,9.87,17.86,41.04,31.23,7.3,2.15,13.24,7.3,12.44,8.94,14.72,21,5.27,36.78,45.29,6.03,27.52,34.94,1.27,7.12,7.48,704
E06000027,,Torbay UA,,11.02,16.65,41.71,30.63,7.29,2.19,9.74,8.91,13.13,7.97,14.04,19.26,4.44,38.06,45.35,6.04,26.99,34.26,1.07,7.14,7.44,1006
E06000054,,Wiltshire UA,,9.59,17.62,39.14,33.65,7.43,2.14,11.81,7.36,11.82,9.42,14.35,20.88,4.92,35.35,42.93,5.66,29.9,37.4,1.18,7.25,7.6,851
E10000008,,Devon,,9.18,17.51,40.66,32.65,7.38,2.11,11.27,7.15,11.21,8.1,14.72,20.3,4.55,37.03,44.29,5.38,29.2,36.11,1.04,7.23,7.53,1039
E07000040,,,East Devon,,,,,7.79,1.95,26.68,3.12,10.22,22.77,6.4,17.04,10.04,32.2,48.32,11.49,31.87,50.84,2.25,7.44,8.14,172
E07000041,,,Exeter,,,,,7.2,2.14,30.38,4.32,17.86,22.05,11.92,30.88,15.85,22.51,43.55,15.88,23.47,45.48,3.39,6.71,7.69,130
E07000042,,,Mid Devon,,,,,7.2,2.14,28.21,5.09,18.68,26.63,7.86,26.28,13.82,31.68,56.34,20.2,15.97,38.1,3.36,6.71,7.69,95
E07000043,,,North Devon,,,,,7.48,2.08,41.34,0.94,10.14,22.1,11.86,30.77,13.71,29.8,52.42,12.47,24.01,40.04,2.5,7.11,7.86,134
E07000044,,,South Hams,,,,,7.1,2.23,29.92,4.21,16.84,16.85,13.79,27.88,11.45,31.82,50.79,17.57,17.7,36.96,3.53,6.59,7.6,143
E07000045,,,Teignbridge,,,,,7.26,2.14,24.59,5.39,15.73,18.34,9.89,21.27,9.16,36.79,53.2,12.29,21.81,35.94,2.12,6.95,7.56,186
E07000046,,,Torridge,,,,,7.69,2.13,31.26,3.37,15.23,31.47,4.14,18.99,14,27.88,50.17,12.78,29.65,50.57,3.11,7.2,8.18,93
E07000047,,,West Devon,,,,,7.17,1.89,45.02,0.63,14.12,20.59,13.55,33.02,16.07,31.48,61.95,25.71,10.82,34.44,2.97,6.74,7.61,86
E10000009,,Dorset,,8.54,18.16,40.06,33.24,7.39,2.14,10.46,6.78,10.29,8.27,15.21,21.11,4.23,36.73,43.39,5.07,29.92,36.56,0.98,7.25,7.53,1024
E07000048,,,Christchurch,,,,,6.94,2.22,25.95,6.04,19.28,21.79,11.23,28.8,11.7,33.01,53.37,19.05,14.87,33.4,3.15,6.5,7.38,120
E07000049,,,East Dorset,,,,,7.3,2.28,20.12,6.22,14.51,14.56,13.41,24.34,9.68,29.03,42.86,10.77,27.36,42.26,2.34,6.96,7.64,228
E07000050,,,North Dorset,,,,,7.83,1.84,40.31,0.88,8.21,28.69,6.22,23.01,11.74,31.62,51.05,10.08,31.53,47.49,1.95,7.52,8.13,157
E07000051,,,Purbeck,,,,,7.31,2.25,26.74,4.11,13.77,20.49,12.38,29.87,14.15,21.83,39.33,11.67,30.07,48.63,2.58,6.93,7.69,118
E07000052,,,West Dorset,,,,,7.51,1.93,24.95,3.35,9.95,16.3,10.39,20.35,8.16,39.75,55.13,11.49,23.56,37.52,1.72,7.26,7.77,238
E07000053,,,Weymouth and Portland,,,,,7.31,2.28,24.21,4.8,13.79,22.42,11.62,30.45,10.62,29.8,45.83,14.75,22.48,41.24,2.93,6.88,7.74,163
E10000013,,Gloucestershire,,12.06,18.15,37.66,32.12,7.26,2.25,11.52,9.33,14.79,8,15.3,21.01,4.89,34.04,41.29,6.15,28.24,36.01,1.28,7.08,7.44,815
E07000078,,,Cheltenham,,,,,7.22,2.3,27.65,6.21,21.62,21.17,9.78,24.2,10.06,32.74,49.26,18.28,17.8,38.38,3.38,6.73,7.71,151
E07000079,,,Cotswold,,,,,7.5,2.19,38.22,1.8,14.03,27.41,8.36,29.13,11.39,28.82,46.06,14.68,25.25,46.55,3.13,7.02,7.97,118
E07000080,,,Forest of Dean,,,,,7.39,2.22,26.18,4.86,15.73,17.77,11.2,23.71,13.06,27.87,47.79,13.24,25.23,43.61,2.72,6.98,7.79,121
E07000081,,,Gloucester,,,,,7.07,2.35,22.87,6.84,18.43,14.84,16.35,30.2,12.2,25.42,41.89,13.27,22.33,38.54,2.7,6.69,7.45,147
E07000082,,,Stroud,,,,,7.11,2.22,26.26,6.38,20.51,15.94,13.22,25.61,13.33,26.53,45.82,15.8,21.17,40.75,3.54,6.61,7.61,139
E07000083,,,Tewkesbury,,,,,7.41,2.13,24.75,6.21,18.43,22.8,6.01,16.13,11.53,30.65,49.08,11.87,28,45.49,2.27,7.08,7.75,139
E10000027,,Somerset ,,11.46,16.97,40.26,31.3,7.24,2.25,11.82,8.79,14.12,8.12,14.26,19.68,4.8,36.46,44.07,6.57,27.26,35.35,1.35,7.05,7.43,771
E07000187,,,Mendip,,,,,7.27,2.19,22.49,6.21,16.34,18.07,10.81,23.02,10.91,32.61,50.79,13.93,21.73,38.49,2.63,6.89,7.65,165
E07000188,,,Sedgemoor,,,,,7.02,2.18,21.71,6.66,16.82,16.91,12.47,25.15,9.2,35.6,51.6,15.2,18.01,33.68,2.65,6.65,7.39,166
E07000189,,,South Somerset,11.3,19.56,37.45,31.69,7.2,2.29,19.98,6.82,15.79,14.04,14.11,25.01,8.98,30.77,44.13,11.28,24.59,38.78,2.4,6.86,7.54,240
E07000190,,,Taunton Deane,,,,,7.33,2.34,29.85,5.38,21.43,26.7,4.02,13.28,10.06,35.82,53.93,16.48,22.14,44,3.58,6.81,7.86,147
E07000191,,,West Somerset,,,,,7.73,2.12,58,-1.05,11.19,18.66,16.74,37.97,27.66,9.32,34.56,16.68,29.8,61.46,3.78,7.12,8.33,53
W92000004,WALES,,,11.01,17.72,39.59,31.68,7.29,2.25,2.7,10.42,11.59,2.07,17,18.44,1.17,38.69,40.5,1.4,30.81,32.55,0.3,7.25,7.33,19486
W06000001,,,Isle of Anglesey / Ynys MÃ´n,10.32,15.81,35.27,38.61,7.51,2.28,13.78,7.52,13.11,9.22,12.94,18.67,5.98,31.12,39.42,4.97,34.83,42.38,1.28,7.32,7.7,893
W06000002,,,Gwynedd / Gwynedd,6.47,16.28,43.08,34.17,7.61,2,13.72,4.73,8.22,8.79,13.47,19.09,3.99,39.7,46.46,5.46,30.5,37.83,1.06,7.45,7.77,949
W06000003,,,Conwy / Conwy,8.93,17.82,38.63,34.63,7.44,2.16,11.62,6.89,10.97,7.76,15.1,20.53,4.68,35.07,42.18,5.02,31.21,38.04,1.09,7.28,7.6,1048
W06000004,,,Denbighshire / Sir Ddinbych,11.44,17.79,39.15,31.62,7.3,2.25,11.09,8.95,13.94,8.1,14.95,20.62,4.58,35.63,42.68,5.3,28.32,34.91,1.28,7.12,7.48,987
W06000005,,,Flintshire / Sir y Fflint,7.85,15.63,42.79,33.74,7.53,2.05,12.77,5.88,9.82,8.7,12.95,18.3,4.67,38.86,46.72,5.83,29.86,37.61,1.09,7.37,7.69,805
W06000006,,,Wrexham / Wrecsam,10.77,18.68,37.49,33.06,7.32,2.2,12.91,8.04,13.51,8.62,15.51,21.84,5.25,33.62,41.36,6.06,29.12,37,1.32,7.13,7.51,795
W06000023,,,Powys / Powys,10.93,15.57,39.5,34,7.35,2.3,11.56,8.44,13.41,8.33,13.02,18.12,4.54,35.98,43.03,5.27,30.47,37.53,1.27,7.17,7.54,931
W06000008,,,Ceredigion / Ceredigion,8.54,15.65,44.28,31.53,7.41,2.08,12.98,6.36,10.72,9.35,12.77,18.53,5.66,39.35,49.21,7,27.18,35.87,1.18,7.24,7.58,792
W06000009,,,Pembrokeshire / Sir Benfro,8.28,16.2,43.31,32.21,7.51,2.06,13.66,6.06,10.51,8.95,13.34,19.05,4.74,39.27,47.35,6.06,28.37,36.05,1.12,7.34,7.68,900
W06000010,,,Carmarthenshire / Sir Gaerfyrddin,9.81,16.42,42.41,31.36,7.38,2.13,10.78,7.73,11.9,8.62,13.64,19.2,4.94,38.28,46.53,6,27.66,35.06,1.08,7.23,7.54,894
W06000011,,,Swansea / Abertawe,11.8,18.47,39.01,30.72,7.21,2.3,11.21,9.2,14.4,8.06,15.55,21.4,4.77,35.35,42.67,5.91,27.15,34.29,1.36,7.02,7.4,1004
W06000012,,,Neath Port Talbot / Castell-nedd Port Talbot,12.4,18.01,36.33,33.27,7.24,2.33,11.07,9.7,15.09,10.28,14.37,21.65,4.97,32.78,39.87,5.33,29.78,36.76,1.33,7.06,7.43,922
W06000013,,,Bridgend / Pen-y-bont ar Ogwr,10.15,19.05,40.43,30.37,7.26,2.26,10.6,8.03,12.27,8.4,15.9,22.2,4.83,36.59,44.27,6.07,26.74,34,1.19,7.09,7.43,869
W06000014,,,The Vale of Glamorgan / Bro Morgannwg,10.53,15.72,44.14,29.61,7.31,2.1,11.33,8.19,12.88,8.63,13.05,18.38,4.23,40.47,47.81,5.69,26.29,32.92,1.08,7.16,7.47,990
W06000015,,,Cardiff / Caerdydd,11.85,19.74,40.46,27.95,7.12,2.2,10.19,9.48,14.23,8.16,16.57,22.91,4.86,36.59,44.33,6.26,24.5,31.39,1.17,6.95,7.28,894
W06000016,,,Rhondda Cynon Taf / Rhondda Cynon Taf,11.4,19.29,36.67,32.64,7.27,2.35,10.22,9.11,13.69,8.95,15.89,22.68,5.3,32.85,40.5,6.06,28.76,36.53,1.25,7.09,7.45,863
W06000024,,,Merthyr Tydfil / Merthyr Tudful,13.17,18.5,35.8,32.53,7.19,2.5,11.58,10.17,16.18,10.23,14.77,22.23,6.63,31.13,40.47,7.41,27.78,37.27,1.7,6.95,7.43,636
W06000018,,,Caerphilly / Caerffili,14.73,16.84,38.62,29.81,7.05,2.49,9.98,11.84,17.61,8.3,14.09,19.59,4.92,34.89,42.36,6.63,25.92,33.7,1.48,6.85,7.26,881
W06000019,,,Blaenau Gwent / Blaenau Gwent,13.41,20.88,33.96,31.75,7.18,2.38,11.26,10.44,16.38,8.86,17.24,24.52,5.74,30.12,37.8,6.74,27.54,35.97,1.52,6.96,7.39,662
W06000020,,,Torfaen / Tor-faen,13.01,16.96,40.9,29.13,7.15,2.32,9.8,10.5,15.51,8.74,14.05,19.88,4.84,37,44.79,6.52,25.4,32.87,1.32,6.97,7.34,961
W06000021,,,Monmouthshire / Sir Fynwy,7.65,17.84,40.03,34.48,7.55,2.03,12.69,5.74,9.56,8.1,15,20.68,4.33,36.63,43.44,5.39,30.82,38.13,1.09,7.39,7.71,984
W06000022,,,Newport / Casnewydd,14.89,17.89,36,31.23,7.1,2.44,11.74,11.45,18.33,8.23,14.99,20.78,5.84,31.86,40.13,6.51,27.23,35.23,1.59,6.87,7.32,826
S92000003,SCOTLAND,,,10.41,17.13,41.3,31.16,7.32,2.19,2.81,9.84,10.98,2.02,16.45,17.81,1.12,40.39,42.21,1.41,30.3,32.03,0.28,7.28,7.36,23324
S12000033,,,Aberdeen City,6.72,18.55,43.85,30.87,7.42,2.02,19.12,4.19,9.25,10.13,14.86,22.25,5.24,39.34,48.37,8.02,26,35.75,1.4,7.21,7.62,796
S12000034,,,Aberdeenshire,9.47,19.08,40.25,31.19,7.31,2.27,13.98,6.87,12.08,10.64,15.08,23.07,5.59,35.82,44.69,6.81,27.01,35.38,1.64,7.07,7.54,644
S12000041,,,Angus,9.84,17.21,39.21,33.74,7.36,2.25,13.22,7.28,12.4,10.82,13.55,20.88,5.6,34.89,43.53,5.84,29.86,37.61,1.33,7.17,7.56,775
S12000035,,,Argyll and Bute,7.82,15.87,40.17,36.14,7.57,2.02,11.76,6.01,9.63,8.16,13.32,18.41,4.3,36.77,43.57,4.75,32.76,39.52,0.89,7.44,7.7,971
S12000005,,,Clackmannanshire,9.77,17.89,35.22,37.13,7.51,2.22,19.42,6.01,13.52,15.21,12.5,23.28,8.88,29.02,41.42,9.54,30.11,44.15,2.05,7.2,7.81,279
S12000006,,,Dumfries and Galloway,8.21,13.8,39.57,38.41,7.69,2.08,12.34,6.22,10.2,9.15,11.32,16.29,4.6,36,43.15,4.79,34.8,42.02,1.02,7.53,7.84,939
S12000042,,,Dundee City,13.22,18.01,39.75,29.02,7.11,2.4,11.51,10.23,16.21,9.28,14.72,21.3,6.01,35.05,44.44,6.83,25.13,32.91,1.53,6.9,7.32,916
S12000008,,,East Ayrshire,13.32,19.21,36.08,31.4,7.09,2.49,10.84,10.48,16.16,9.21,15.73,22.69,5.89,31.89,40.26,6.48,27.4,35.4,1.51,6.88,7.3,779
S12000009,,,East Dunbartonshire,7.17,20.23,43.28,29.31,7.37,1.95,14.15,5.18,9.17,8.48,16.85,23.61,4.59,39.38,47.19,6.16,25.76,32.87,1.16,7.2,7.54,742
S12000010,,,East Lothian,8.65,16.45,46.63,28.27,7.36,1.95,13.72,6.31,10.99,10.08,13.19,19.71,4.88,42.16,51.11,7.56,24.06,32.47,1.23,7.18,7.54,683
S12000011,,,East Renfrewshire,7.52,17.48,46.21,28.79,7.36,2.05,13.97,5.45,9.59,9.96,14.05,20.9,4.45,42.16,50.26,7.55,24.51,33.06,1.28,7.18,7.55,713
S12000036,,,City of Edinburgh,7.93,14.05,46.74,31.28,7.49,1.92,13.29,5.86,10,10.35,11.19,16.91,4.56,42.55,50.94,6.32,27.39,35.16,1.03,7.34,7.64,769
*,,"Eilean Siar, Orkney & Shetland",,4.75,13.26,38.71,43.27,7.93,1.93,19.45,2.93,6.58,13.05,9.86,16.67,5.73,34.34,43.08,5.28,38.77,47.77,1.14,7.76,8.11,607
S12000013,,,Eilean Siar,,,,,7.96,1.95,30.75,1.42,5.87,19.48,10.56,23.86,10.29,27.84,42.14,8.28,36.89,51.41,1.82,7.68,8.25,242
S12000023,,,Orkney Islands,,,,,8.01,1.74,33.91,1.64,8.47,23.39,4.69,12.89,9,37.95,54.53,9.76,32.16,47.68,1.55,7.76,8.25,201
S12000027,,,Shetland Islands,,,,,7.83,2.04,34.54,1.78,9.76,24.6,6.48,19.07,10.54,28.5,43.74,9.43,36.77,53.89,2.37,7.46,8.21,164
S12000014,,,Falkirk,8.91,17.85,46.1,27.14,7.26,2.11,12.58,6.71,11.11,7.8,15.11,20.59,4.38,42.13,50.08,6.83,23.49,30.78,1.21,7.09,7.43,851
S12000015,,,Fife,12.98,17.93,38.63,30.47,7.13,2.37,10.38,10.33,15.62,8.02,15.1,20.76,5.17,34.7,42.55,6.21,26.75,34.19,1.36,6.94,7.32,835
S12000043,,,Glasgow City,13.79,18.18,40.84,27.19,7.09,2.26,10.73,10.88,16.71,8.24,15.24,21.13,4.86,36.93,44.74,6.71,23.6,30.77,1.28,6.91,7.27,768
S12000017,,,Highland,7.55,15.87,37.4,39.18,7.65,2.09,13.65,5.52,9.57,8.29,13.28,18.46,5.04,33.69,41.11,4.82,35.47,42.89,1.07,7.49,7.81,857
S12000018,,,Inverclyde,12.97,16.83,36.66,33.53,7.24,2.45,11.21,10.11,15.83,8.9,13.88,19.78,12.23,32.85,40.48,6.1,29.51,37.56,1.48,7.03,7.45,739
S12000019,,,Midlothian,8.91,16.37,41.79,32.93,7.4,2.05,14.81,6.31,11.51,10.3,13.05,19.69,5.44,37.31,46.27,7.15,28.29,37.57,1.28,7.21,7.59,581
S12000020,,,Moray,10.89,22.1,39.95,27.06,7.13,2.1,11.78,8.36,13.41,7.2,18.97,25.23,4.76,36.21,43.68,6.09,23.82,30.31,1.16,6.97,7.3,867
S12000021,,,North Ayrshire,13.55,20.26,33.81,32.38,7.11,2.44,10.67,10.71,16.4,8.1,17.03,23.48,5.49,30.16,37.46,6.11,28.5,36.27,1.39,6.92,7.3,881
S12000044,,,North Lanarkshire,14.68,18.5,37.43,29.39,7.03,2.39,9.16,12.04,17.33,7.92,15.62,21.38,4.96,33.78,41.08,6.22,25.79,32.98,1.31,6.85,7.21,911
S12000024,,,Perth and Kinross,8.67,14.39,41.26,35.67,7.59,2.06,12,6.63,10.72,8.83,11.89,16.89,4.76,37.4,45.13,5.15,32.06,39.29,1,7.45,7.74,928
S12000038,,,Renfrewshire,13.31,13.27,42.46,30.96,7.27,2.37,10.64,10.53,16.1,10.92,10.42,16.11,4.91,38.35,46.56,6.34,27.1,34.83,1.38,7.07,7.46,784
S12000026,,,Scottish Borders ,7.54,17.03,41.35,34.08,7.52,2.07,12.61,5.67,9.41,8.8,14.08,19.97,4.41,37.77,44.94,5.44,30.44,37.72,1.09,7.36,7.68,901
S12000028,,,South Ayrshire,10.91,19.37,38.22,31.5,7.28,2.29,11.22,8.5,13.32,8.45,16.15,22.59,4.57,34.79,41.66,6,27.78,35.21,1.35,7.09,7.47,829
S12000029,,,South Lanarkshire,8.92,17.67,43.41,30.01,7.36,2.11,12.39,6.75,11.09,8.22,14.81,20.52,4.37,39.68,47.14,6.07,26.42,33.59,1.06,7.2,7.51,777
S12000030,,,Stirling,10.7,16.07,40.79,32.45,7.37,2.17,13.93,7.76,13.63,11.77,12.34,19.79,5.18,36.63,44.95,6.77,28.12,36.77,1.44,7.16,7.58,628
S12000039,,,West Dunbartonshire,11.83,20.39,40.24,27.54,7.1,2.31,9.84,9.54,14.12,7.71,17.3,23.49,4.81,36.44,44.05,6.43,24.05,31.02,1.3,6.91,7.28,836
S12000040,,,West Lothian,8.64,13.81,48.86,28.69,7.46,1.98,14.02,6.26,11.03,10.56,10.94,16.68,4.48,44.56,53.16,6.64,24.94,32.44,1.13,7.29,7.62,738
N92000002,NORTHERN IRELAND,,,8.5,13.18,42.13,36.2,7.6,2.03,8.56,7.07,9.92,5.65,11.72,14.64,2.62,39.96,44.29,2.93,34.12,38.27,0.61,7.51,7.7,2839
95T,,,Antrim,,,,,7.83,1.96,44.58,0.48,10.06,31.53,7.12,32.79,15.95,20.48,40.23,13.61,32.09,56.75,3.22,7.31,8.34,86
95X,,,Ards,,,,,7.74,2,29.42,3.14,12.16,28.31,3.79,13.74,11.39,36.51,58.09,14.21,25.94,46.61,2.33,7.38,8.1,132
95O,,,Armagh,,,,,7.81,1.91,34.81,1.78,10.44,26.73,6.72,22.78,14.2,27.82,50.46,15.14,27.67,52.33,2.66,7.39,8.24,81
95G,,,Ballymena,,,,,7.63,1.97,36.42,2.17,14.21,26.39,6.2,20.32,14.91,27.71,51.55,14.51,27.52,50.32,2.95,7.17,8.08,111
95D,,,Ballymoney,,,,,7.61,1.76,47.47,0.19,16.45,32.03,3.39,16.51,13.89,38.34,69.09,26.41,12.78,43.26,3.6,7.05,8.18,63
95Q,,,Banbridge,,,,,8,1.74,47.69,0.17,12.68,49.36,-0.06,13.78,13.53,29.49,52,13.42,33.37,58.57,2.85,7.54,8.47,71
95Z,,,Belfast,,,,,7.24,2.19,24.56,6.57,18.92,13.46,11.43,19.68,8.52,33.51,47.03,9.64,25.46,37.41,2.04,6.95,7.53,410
95V,,,Carrickfergus,,,,,7.98,2.41,33.34,2.63,14.1,36.99,2.74,20.12,21.4,15.95,40.99,14.42,36.4,67.07,4.04,7.32,8.64,73
95Y,,,Castlereagh,,,,,7.56,2,62.25,-1.56,13.93,29.6,6.69,26.4,13.05,31.09,53.22,12.95,25.97,44.27,3.36,7.05,8.07,109
95C,,,Coleraine,,,,,7.15,2.22,57.32,-2.43,31.43,27.95,8.02,29.22,22.2,17.97,47.63,18.71,21.09,47.06,5.78,6.31,8,69
95I,,,Cookstown,,,,,7.76,1.43,33.23,1.8,10.52,59.38,-2.22,18.91,15.61,37.33,74.55,28.85,11.38,47.73,2.72,7.31,8.21,39
95N,,,Craigavon,,,,,7.68,2.16,39.97,1.73,15.44,19.42,8.92,20.23,15.31,20.38,38.34,10.15,37.86,57.11,3.21,7.19,8.17,140
95A,,,Derry,14.72,21.9,33.83,29.54,6.89,2.54,18.25,9.37,20.07,19.37,13.46,30.35,11.47,26.11,41.56,13.37,21.67,37.41,3.24,6.44,7.33,173
95R,,,Down,,,,,7.91,1.8,30.97,3.1,13.15,30.47,2.44,10,10.89,34.24,53.26,11,32.7,51.1,2.19,7.56,8.25,145
95M,,,Dungannon,,,,,7.51,2.15,45.26,0.76,16.66,27.19,6.96,23.86,15.24,24.59,46.41,15.21,27.99,52.77,4.35,6.85,8.17,102
95L,,,Fermanagh,,,,,8.2,1.51,81.21,-1.14,4.73,46.48,0.49,14.38,11.43,37.3,59.54,14.14,30.31,54.38,2.1,7.85,8.55,114
95F,,,Larne,,,,,7.33,2.33,47.99,0.02,19.01,34.98,6.02,38.16,22.04,18.29,49.23,17.32,22.16,47.12,4.53,6.64,8.02,53
95B,,,Limavady,,,,,8.02,1.88,51.5,-0.49,13.02,48.52,-0.18,23.29,17.94,24.27,53.45,16.56,28.3,58.33,3.29,7.47,8.57,53
95S,,,Lisburn,,,,,8.04,1.79,32.96,1.74,8.34,23.59,5.3,14.66,10.03,31.22,46.77,8.8,37.94,54.03,1.69,7.77,8.31,184
95H,,,Magherafelt,,,,,7.86,1.45,69.09,-1.4,7.96,45.96,0.53,19.96,12.52,41.63,70.64,19.73,17.98,42.7,2.57,7.45,8.28,77
95E,,,Moyle,,,,,8.17,1.64,76.3,-3.52,13.56,83.73,-4.65,15.41,18.9,31.34,76.95,19.4,20.13,50.79,3.5,7.54,8.81,31
95P,,,Newry and Mourne,,,,,7.6,1.79,28.23,3.27,11.84,29.95,3.03,12.17,9.89,48.54,72.59,18.92,15.06,33.5,1.93,7.3,7.89,149
95U,,,Newtownabbey,,,,,7.63,1.72,39.04,1.17,9.59,24.67,7.08,20.92,11.37,37.16,59.08,15.02,22.72,42.28,2.14,7.31,7.96,118
95W,,,North Down,,,,,7.39,1.87,35.55,2.76,16.51,26.01,5.26,16.75,8.96,44.85,64.51,17.79,15.86,33.49,2.93,6.96,7.82,119
95K,,,Omagh,,,,,7.54,1.97,36.31,2.23,14.69,28.26,7.01,25.84,12.17,32.75,54.22,16.9,20.79,42.48,2.9,7.1,7.98,81
95J,,,Strabane,,,,,7.79,2.17,38.29,2,17.66,45.76,0.53,21.41,18.55,22.11,49.88,22.18,23.28,63.13,5.14,6.95,8.62,56
