station,mm,tmax (degC),tmin (degC),af (days),rain (mm),sun (hours),Latitude,Longitude,lat_group
aberporth,1.0,7.337349397590362,3.0734939759036144,5.220588235294118,90.19285714285714,55.57831325301205,52.139,-4.57,0
aberporth,2.0,7.430487804878048,2.7277108433734942,5.029411764705882,65.06666666666668,76.93855421686746,52.139,-4.57,0
aberporth,3.0,9.124691358024691,3.8292682926829267,2.417910447761194,60.6566265060241,123.63292682926829,52.139,-4.57,0
aberporth,4.0,11.195,5.309756097560975,0.582089552238806,52.81204819277108,172.32073170731707,52.139,-4.57,0
aberporth,5.0,13.942682926829269,7.7682926829268295,0.0,56.59879518072289,209.87530864197532,52.139,-4.57,0
aberporth,6.0,16.398780487804878,10.345121951219513,0.0,57.72289156626506,204.40123456790124,52.139,-4.57,0
aberporth,7.0,17.946341463414633,12.18048780487805,0.0,61.531325301204824,187.8451219512195,52.139,-4.57,0
aberporth,8.0,18.03048780487805,12.362195121951219,0.0,72.60481927710843,172.60365853658536,52.139,-4.57,0
aberporth,9.0,16.454878048780486,11.029268292682927,0.0,81.25180722891565,135.54268292682926,52.139,-4.57,0
aberporth,10.0,13.60740740740741,8.757317073170732,0.014925373134328348,104.92168674698796,98.02195121951219,52.139,-4.57,0
aberporth,11.0,10.165432098765432,5.840243902439025,0.8208955223880597,107.62891566265061,60.37682926829269,52.139,-4.57,0
aberporth,12.0,8.270731707317074,4.06219512195122,3.7761194029850746,103.83855421686748,48.165853658536584,52.139,-4.57,0
armagh,1.0,7.1201257861635225,1.6773584905660377,8.522012578616353,75.44476744186046,46.90105263157895,54.352,-6.649,1
armagh,2.0,7.89182389937107,1.7465408805031446,7.70440251572327,57.69825581395349,66.27157894736843,54.352,-6.649,1
armagh,3.0,9.707594936708862,2.427848101265823,6.677215189873417,58.30058479532163,101.30106382978724,54.352,-6.649,1
armagh,4.0,12.406918238993711,3.90125786163522,2.8238993710691824,54.738596491228066,144.78936170212768,54.352,-6.649,1
armagh,5.0,15.365408805031448,6.3496855345911944,0.3647798742138365,59.17602339181287,176.2127659574468,54.352,-6.649,1
armagh,6.0,18.12264150943396,9.276100628930818,0.0,62.28304093567251,156.12659574468086,54.352,-6.649,1
armagh,7.0,19.333962264150944,11.09119496855346,0.0,71.47017543859648,131.352688172043,54.352,-6.649,1
armagh,8.0,18.925786163522012,10.831446540880505,0.006289308176100627,82.35789473684211,132.11182795698923,54.352,-6.649,1
armagh,9.0,16.676100628930815,9.010691823899371,0.018867924528301883,69.25263157894737,109.78085106382979,54.352,-6.649,1
armagh,10.0,13.097484276729562,6.350314465408805,1.1823899371069182,81.71520467836257,87.26595744680851,54.352,-6.649,1
armagh,11.0,9.50125786163522,3.4842767295597485,4.672955974842767,73.46842105263158,59.48829787234042,54.352,-6.649,1
armagh,12.0,7.528301886792454,2.1459119496855346,7.383647798742138,80.91294117647058,37.915217391304346,54.352,-6.649,1
ballypatrick,1.0,6.61864406779661,1.8983050847457625,7.072727272727272,128.01111111111112,40.724000000000004,55.181,-6.153,2
ballypatrick,2.0,6.684482758620689,1.7551724137931035,6.666666666666667,111.34444444444445,66.80799999999999,55.181,-6.153,2
ballypatrick,3.0,8.147540983606557,2.3786885245901637,5.43859649122807,96.38,93.45200000000001,55.181,-6.153,2
ballypatrick,4.0,10.22542372881356,3.69,2.8771929824561404,81.44,157.18,55.181,-6.153,2
ballypatrick,5.0,13.022033898305086,5.834482758620689,0.7454545454545455,79.94857142857143,187.57692307692307,55.181,-6.153,2
ballypatrick,6.0,15.505084745762712,8.493103448275862,0.036363636363636355,84.74571428571429,169.60384615384618,55.181,-6.153,2
ballypatrick,7.0,16.776666666666667,10.19322033898305,0.0,94.05714285714286,144.72307692307692,55.181,-6.153,2
ballypatrick,8.0,16.657377049180326,10.254838709677419,0.0,107.52857142857142,142.43461538461537,55.181,-6.153,2
ballypatrick,9.0,15.009677419354839,9.00655737704918,0.12280701754385964,102.81428571428572,106.94615384615383,55.181,-6.153,2
ballypatrick,10.0,12.221666666666668,6.940983606557377,0.2631578947368421,146.8705882352941,83.86923076923077,55.181,-6.153,2
ballypatrick,11.0,8.911666666666667,3.9728813559322034,2.7090909090909094,142.39722222222224,52.892307692307696,55.181,-6.153,2
ballypatrick,12.0,7.204918032786885,2.5311475409836066,5.368421052631579,142.26285714285714,31.11923076923077,55.181,-6.153,2
bradford,1.0,6.006896551724138,1.0310344827586206,10.862068965517242,90.43070175438596,35.876724137931035,53.813,-1.772,1
bradford,2.0,6.3422413793103445,1.121551724137931,9.775862068965518,72.6140350877193,55.71709401709401,53.813,-1.772,1
bradford,3.0,8.448695652173914,2.174782608695652,6.6695652173913045,63.26814159292036,94.04347826086956,53.813,-1.772,1
bradford,4.0,11.306956521739131,3.90695652173913,2.591304347826087,56.5504424778761,134.15603448275863,53.813,-1.772,1
bradford,5.0,14.970434782608697,6.647826086956522,0.3217391304347826,58.478761061946905,168.39655172413794,53.813,-1.772,1
bradford,6.0,17.797391304347826,9.556521739130435,0.0,61.48672566371682,174.32672413793105,53.813,-1.772,1
bradford,7.0,19.450434782608696,11.657391304347826,0.0,67.13362831858407,164.59310344827585,53.813,-1.772,1
bradford,8.0,19.043478260869566,11.459999999999999,0.0,75.53097345132743,151.69482758620688,53.813,-1.772,1
bradford,9.0,16.584347826086958,9.541739130434781,0.008695652173913044,68.13628318584071,117.09482758620689,53.813,-1.772,1
bradford,10.0,12.87758620689655,6.73448275862069,0.9051724137931034,81.38584070796459,82.30344827586208,53.813,-1.772,1
bradford,11.0,8.730172413793104,3.526724137931035,4.905172413793103,88.0716814159292,47.95603448275862,53.813,-1.772,1
bradford,12.0,6.719827586206897,1.8,8.594827586206897,93.08407079646018,28.282758620689656,53.813,-1.772,1
braemar,1.0,4.245454545454545,-1.8181818181818181,18.333333333333332,100.9109375,26.3,57.006,-3.396,2
braemar,2.0,4.683333333333334,-1.9393939393939394,17.424242424242426,67.6140625,57.18936170212766,57.006,-3.396,2
braemar,3.0,6.718461538461538,-0.5184615384615384,15.876923076923077,69.05238095238094,95.1468085106383,57.006,-3.396,2
braemar,4.0,9.715625,0.965625,11.09375,53.18730158730159,133.5088888888889,57.006,-3.396,2
braemar,5.0,13.3171875,3.596875,4.734375,62.93225806451613,168.9913043478261,57.006,-3.396,2
braemar,6.0,16.2921875,6.7859375,0.5625,57.58387096774194,168.76444444444445,57.006,-3.396,2
braemar,7.0,17.81875,8.63125,0.046875,63.11612903225807,155.58913043478262,57.006,-3.396,2
braemar,8.0,17.25076923076923,8.276923076923078,0.3230769230769231,71.02539682539683,147.15,57.006,-3.396,2
braemar,9.0,14.63076923076923,6.446153846153846,1.4,76.0047619047619,108.55217391304348,57.006,-3.396,2
braemar,10.0,10.94,3.9046153846153846,5.138461538461539,101.4968253968254,67.49347826086957,57.006,-3.396,2
braemar,11.0,6.9,0.5492307692307693,11.784615384615385,94.6079365079365,36.060869565217395,57.006,-3.396,2
braemar,12.0,4.7784615384615385,-1.22,16.46153846153846,92.15873015873015,19.731111111111108,57.006,-3.396,2
camborne,1.0,8.98913043478261,4.589130434782609,2.847826086956522,122.09565217391304,58.62,50.218,-5.327,0
camborne,2.0,8.969565217391304,4.478260869565218,2.652173913043478,95.84347826086957,79.7,50.218,-5.327,0
camborne,3.0,10.113333333333333,5.322222222222222,1.1111111111111112,81.67777777777778,119.28666666666666,50.218,-5.327,0
camborne,4.0,11.86888888888889,6.262222222222222,0.08888888888888889,67.66222222222223,183.37111111111113,50.218,-5.327,0
camborne,5.0,14.355555555555556,8.622222222222222,0.0,61.67333333333334,210.5888888888889,50.218,-5.327,0
camborne,6.0,16.828888888888887,11.12,0.0,61.931111111111115,202.19111111111113,50.218,-5.327,0
camborne,7.0,18.78,13.088888888888889,0.0,63.68,195.20888888888888,50.218,-5.327,0
camborne,8.0,18.944444444444443,13.26222222222222,0.0,72.26444444444445,181.98222222222222,50.218,-5.327,0
camborne,9.0,17.419565217391302,11.932608695652174,0.0,77.74565217391304,150.0568181818182,50.218,-5.327,0
camborne,10.0,14.541304347826086,9.897826086956522,0.021739130434782608,116.17173913043477,103.78,50.218,-5.327,0
camborne,11.0,11.595652173913043,7.26304347826087,0.3695652173913043,124.71304347826087,68.88,50.218,-5.327,0
camborne,12.0,9.906521739130435,5.623913043478261,1.7391304347826086,134.55,52.29333333333334,50.218,-5.327,0
cambridge,1.0,7.043939393939394,1.3681818181818182,10.272727272727273,45.753125000000004,55.284615384615385,52.245,0.102,0
cambridge,2.0,7.74090909090909,1.4363636363636363,9.424242424242424,35.36875,71.59615384615384,52.245,0.102,0
cambridge,3.0,10.42153846153846,2.7215384615384615,5.538461538461538,38.43809523809524,109.79230769230769,52.245,0.102,0
cambridge,4.0,13.344615384615384,4.253846153846154,3.046153846153846,38.952380952380956,146.75576923076923,52.245,0.102,0
cambridge,5.0,16.933846153846154,7.107692307692307,0.4153846153846154,46.22698412698413,188.10384615384615,52.245,0.102,0
cambridge,6.0,20.13692307692308,10.12,0.0,48.68571428571428,192.43846153846152,52.245,0.102,0
cambridge,7.0,22.36769230769231,12.161538461538461,0.0,45.731746031746034,186.7980392156863,52.245,0.102,0
cambridge,8.0,22.21846153846154,12.096923076923076,0.0,53.46666666666667,179.56274509803922,52.245,0.102,0
cambridge,9.0,19.335384615384616,10.195384615384617,0.015384615384615385,48.63015873015873,142.68235294117648,52.245,0.102,0
cambridge,10.0,15.132307692307693,7.586153846153847,0.6615384615384615,55.333333333333336,110.92156862745098,52.245,0.102,0
cambridge,11.0,10.247692307692308,4.044615384615384,4.461538461538462,51.736507936507934,66.94117647058823,52.245,0.102,0
cambridge,12.0,7.681538461538461,2.0784615384615384,8.738461538461538,49.74920634920635,48.84901960784313,52.245,0.102,0
cardiff,1.0,8.321276595744681,2.1829787234042555,9.127659574468085,126.21489361702129,53.368421052631575,51.488,-3.187,0
cardiff,2.0,8.795744680851064,2.402127659574468,7.8936170212765955,94.71702127659574,70.42631578947368,51.488,-3.187,0
cardiff,3.0,11.054347826086957,3.880434782608696,3.717391304347826,94.55869565217391,106.50526315789472,51.488,-3.187,0
cardiff,4.0,13.997826086956522,5.278260869565218,1.8478260869565217,66.01304347826087,163.95555555555555,51.488,-3.187,0
cardiff,5.0,17.210869565217394,8.232608695652173,0.15217391304347827,74.92608695652174,188.41666666666666,51.488,-3.187,0
cardiff,6.0,19.9,11.130434782608695,0.0,69.19130434782609,180.66111111111113,51.488,-3.187,0
cardiff,7.0,21.76086956521739,13.043478260869565,0.0,78.99130434782609,197.16111111111113,51.488,-3.187,0
cardiff,8.0,21.319565217391304,12.758695652173913,0.0,95.25,191.41111111111113,51.488,-3.187,0
cardiff,9.0,18.99148936170213,10.61276595744681,0.0,87.47446808510638,143.7,51.488,-3.187,0
cardiff,10.0,15.24255319148936,8.087234042553192,0.8297872340425532,128.02340425531915,97.32631578947368,51.488,-3.187,0
cardiff,11.0,11.429787234042553,4.81063829787234,3.8297872340425534,125.24893617021276,61.90526315789473,51.488,-3.187,0
cardiff,12.0,9.129787234042555,3.0893617021276594,7.51063829787234,138.1255319148936,43.82631578947369,51.488,-3.187,0
chivenor,1.0,8.92,3.608888888888889,5.783783783783784,88.8409090909091,56.55499999999999,51.089,-4.147,0
chivenor,2.0,9.28695652173913,3.42,4.621621621621621,66.71363636363637,83.85,51.089,-4.147,0
chivenor,3.0,11.143181818181818,4.452272727272727,2.6111111111111107,58.27384615384615,134.54000000000002,51.089,-4.147,0
chivenor,4.0,13.446666666666667,5.555555555555555,1.108108108108108,54.2515625,184.825,51.089,-4.147,0
chivenor,5.0,16.464444444444446,8.493333333333332,0.0,57.03846153846154,216.32,51.089,-4.147,0
chivenor,6.0,18.917391304347827,11.237777777777778,0.0,60.51538461538462,230.175,51.089,-4.147,0
chivenor,7.0,20.572727272727274,13.242222222222225,0.0,67.49384615384615,203.7473684210526,51.089,-4.147,0
chivenor,8.0,20.369565217391305,13.26086956521739,0.0,75.0939393939394,184.285,51.089,-4.147,0
chivenor,9.0,18.656521739130437,11.47391304347826,0.0,75.18153846153847,146.15,51.089,-4.147,0
chivenor,10.0,15.467391304347828,9.157777777777778,0.3513513513513513,98.68153846153847,107.76499999999999,51.089,-4.147,0
chivenor,11.0,11.876086956521739,6.147826086956521,1.9473684210526319,100.06153846153846,65.66,51.089,-4.147,0
chivenor,12.0,9.940909090909091,4.623255813953488,4.457142857142857,99.57230769230769,52.515,51.089,-4.147,0
cwmystwyth,1.0,5.902127659574468,0.852,11.9,186.5530612244898,32.502040816326534,52.358,-3.802,1
cwmystwyth,2.0,6.129166666666666,0.586,12.12,134.08979591836734,56.217999999999996,52.358,-3.802,1
cwmystwyth,3.0,8.0,1.6400000000000001,9.620000000000001,139.906,83.55799999999999,52.358,-3.802,1
cwmystwyth,4.0,10.528,2.850980392156863,6.2745098039215685,109.42857142857143,129.32244897959183,52.358,-3.802,1
cwmystwyth,5.0,13.920833333333333,5.52156862745098,2.0,104.872,161.12549019607843,52.358,-3.802,1
cwmystwyth,6.0,16.195652173913043,8.129999999999999,0.22448979591836735,107.34799999999998,148.16666666666669,52.358,-3.802,1
cwmystwyth,7.0,17.655102040816328,10.084000000000001,0.0,124.834,142.35416666666669,52.358,-3.802,1
cwmystwyth,8.0,17.80625,10.096,0.0,137.43599999999998,138.42244897959182,52.358,-3.802,1
cwmystwyth,9.0,15.675510204081633,8.145999999999999,0.32,150.972,109.26458333333333,52.358,-3.802,1
cwmystwyth,10.0,12.477551020408162,6.191836734693877,1.959183673469388,189.16122448979593,83.14255319148937,52.358,-3.802,1
cwmystwyth,11.0,8.730612244897959,3.178,6.26,205.41458333333333,46.36086956521739,52.358,-3.802,1
cwmystwyth,12.0,6.6375,1.3387755102040817,10.673469387755103,210.7521739130435,30.08723404255319,52.358,-3.802,1
dunstaffnage,1.0,7.224,2.284,6.9799999999999995,193.80588235294118,34.08888888888888,56.451,-5.439,2
dunstaffnage,2.0,7.530769230769231,2.4057692307692307,5.961538461538462,138.32156862745097,54.57222222222223,56.451,-5.439,2
dunstaffnage,3.0,9.025490196078431,3.1666666666666665,4.03921568627451,144.40392156862745,82.45263157894736,56.451,-5.439,2
dunstaffnage,4.0,11.598076923076924,4.540384615384616,1.9615384615384615,82.30588235294118,135.2263157894737,56.451,-5.439,2
dunstaffnage,5.0,14.718,6.86078431372549,0.4313725490196078,83.956,195.85555555555555,56.451,-5.439,2
dunstaffnage,6.0,16.698076923076922,9.359615384615385,0.0,89.18076923076923,168.72105263157897,56.451,-5.439,2
dunstaffnage,7.0,18.04705882352941,11.192156862745097,0.0,105.35471698113209,141.89444444444445,56.451,-5.439,2
dunstaffnage,8.0,17.93846153846154,11.161538461538461,0.0,125.00961538461539,140.7473684210526,56.451,-5.439,2
dunstaffnage,9.0,15.837254901960785,9.701960784313727,0.03921568627450981,155.52641509433963,101.16499999999999,56.451,-5.439,2
dunstaffnage,10.0,12.906,7.498,0.38,193.62,74.46842105263158,56.451,-5.439,2
dunstaffnage,11.0,9.734,4.58,3.1799999999999997,177.7235294117647,45.1,56.451,-5.439,2
dunstaffnage,12.0,7.988235294117647,2.9843137254901957,5.96078431372549,195.53529411764706,32.955555555555556,56.451,-5.439,2
durham,1.0,5.968275862068966,0.4317241379310345,12.537931034482758,52.900689655172414,50.72181818181818,54.768,-1.585,2
durham,2.0,6.6227586206896545,0.5365517241379311,11.537931034482758,42.431724137931035,67.72,54.768,-1.585,2
durham,3.0,8.765277777777778,1.4520833333333334,9.180555555555555,44.111805555555556,106.13727272727273,54.768,-1.585,2
durham,4.0,11.418055555555556,3.021527777777778,4.527777777777778,43.56944444444444,137.43,54.768,-1.585,2
durham,5.0,14.590972222222222,5.549305555555556,1.0902777777777777,49.693749999999994,166.9827272727273,54.768,-1.585,2
durham,6.0,17.772916666666667,8.484027777777778,0.034722222222222224,50.86805555555556,172.48545454545456,54.768,-1.585,2
durham,7.0,19.69027777777778,10.587499999999999,0.0,62.952083333333334,160.86818181818182,54.768,-1.585,2
durham,8.0,19.225694444444443,10.422222222222222,0.0,66.87777777777778,151.56272727272727,54.768,-1.585,2
durham,9.0,16.836805555555557,8.509027777777778,0.08333333333333333,54.39861111111111,124.52363636363637,54.768,-1.585,2
durham,10.0,12.881944444444445,5.757638888888889,1.7361111111111112,65.92430555555556,93.83211009174312,54.768,-1.585,2
durham,11.0,8.886805555555556,2.9388888888888887,5.729166666666667,64.5,60.400000000000006,54.768,-1.585,2
durham,12.0,6.556643356643357,1.1202797202797203,10.377622377622378,57.361111111111114,43.54954128440367,54.768,-1.585,2
eastbourne,1.0,7.8984848484848476,3.490909090909091,5.348484848484849,82.07575757575758,65.6530303030303,50.762,0.285,0
eastbourne,2.0,7.99090909090909,3.3227272727272728,4.303030303030303,55.79545454545455,85.53484848484848,50.762,0.285,0
eastbourne,3.0,9.850769230769231,4.4799999999999995,1.9076923076923078,54.93692307692308,132.77076923076925,50.762,0.285,0
eastbourne,4.0,12.432307692307692,6.104615384615385,0.27692307692307694,46.667692307692306,191.48461538461538,50.762,0.285,0
eastbourne,5.0,15.626153846153846,9.236923076923077,0.0,46.92923076923077,233.4,50.762,0.285,0
eastbourne,6.0,18.484615384615385,12.127692307692307,0.0,48.073846153846155,242.99076923076922,50.762,0.285,0
eastbourne,7.0,20.439999999999998,14.284615384615385,0.0,50.62923076923077,246.42923076923077,50.762,0.285,0
eastbourne,8.0,20.68,14.463076923076924,0.0,58.01692307692308,229.86615384615382,50.762,0.285,0
eastbourne,9.0,18.784615384615385,12.507692307692308,0.0,65.29846153846154,172.38923076923075,50.762,0.285,0
eastbourne,10.0,15.453846153846154,10.004615384615384,0.0,95.29076923076924,123.28,50.762,0.285,0
eastbourne,11.0,11.459999999999999,6.546153846153846,0.9076923076923077,101.38461538461539,77.69692307692308,50.762,0.285,0
eastbourne,12.0,8.938461538461539,4.361538461538461,4.2153846153846155,94.51538461538462,57.05538461538461,50.762,0.285,0
eskdalemuir,1.0,4.667567567567567,-0.7405405405405405,15.619718309859156,182.16929824561402,40.150000000000006,55.311,-3.206,2
eskdalemuir,2.0,5.179279279279279,-0.809009009009009,14.901408450704224,132.93421052631578,61.8125,55.311,-3.206,2
eskdalemuir,3.0,7.315454545454545,0.06909090909090909,12.7,124.64070796460177,89.46210526315791,55.311,-3.206,2
eskdalemuir,4.0,10.288181818181817,1.4945454545454544,8.857142857142858,92.93451327433628,131.2136842105263,55.311,-3.206,2
eskdalemuir,5.0,13.768181818181818,4.138181818181819,3.7285714285714286,95.73982300884956,164.6642105263158,55.311,-3.206,2
eskdalemuir,6.0,16.383636363636366,7.08909090909091,0.3142857142857143,99.68761061946903,154.32105263157894,55.311,-3.206,2
eskdalemuir,7.0,17.76090909090909,9.043636363636363,0.014285714285714254,118.76371681415928,140.2621052631579,55.311,-3.206,2
eskdalemuir,8.0,17.3,8.877272727272727,0.17142857142857143,134.10442477876106,128.10842105263157,55.311,-3.206,2
eskdalemuir,9.0,14.87,6.862727272727273,1.042857142857143,135.58584070796462,97.21578947368421,55.311,-3.206,2
eskdalemuir,10.0,11.392727272727274,4.420909090909091,3.9857142857142858,167.83539823008851,73.26842105263158,55.311,-3.206,2
eskdalemuir,11.0,7.487272727272726,1.378181818181818,10.271428571428572,162.68318584070798,51.21263157894737,55.311,-3.206,2
eskdalemuir,12.0,5.368181818181818,-0.13545454545454547,14.271428571428572,178.92743362831857,36.487368421052636,55.311,-3.206,2
heathrow,1.0,7.661038961038961,1.8974025974025974,9.223684210526317,54.40909090909091,55.3235294117647,51.479,-0.449,0
heathrow,2.0,8.261038961038961,1.9597402597402598,7.907894736842105,40.86883116883117,70.70588235294117,51.479,-0.449,0
heathrow,3.0,11.021052631578948,3.378947368421053,4.586666666666666,41.63947368421052,113.02388059701491,51.479,-0.449,0
heathrow,4.0,14.063157894736841,5.219736842105263,1.3733333333333333,41.046052631578945,158.5731343283582,51.479,-0.449,0
heathrow,5.0,17.7,8.389473684210527,0.05333333333333332,48.151315789473685,193.91641791044776,51.479,-0.449,0
heathrow,6.0,21.048684210526318,11.442105263157895,0.0,48.703947368421055,199.90298507462686,51.479,-0.449,0
heathrow,7.0,23.086842105263155,13.528947368421052,0.0,47.955263157894734,198.6492537313433,51.479,-0.449,0
heathrow,8.0,22.586842105263155,13.299999999999999,0.0,54.073684210526324,186.91940298507464,51.479,-0.449,0
heathrow,9.0,19.79605263157895,11.164473684210526,0.0,50.988157894736844,146.33582089552237,51.479,-0.449,0
heathrow,10.0,15.575000000000001,8.239473684210527,0.4533333333333333,63.776315789473685,108.48805970149253,51.479,-0.449,0
heathrow,11.0,10.868421052631579,4.596052631578948,3.7066666666666666,61.647368421052626,67.68059701492537,51.479,-0.449,0
heathrow,12.0,8.414473684210526,2.7223684210526318,7.546666666666666,56.47631578947368,48.11492537313433,51.479,-0.449,0
hurn,1.0,8.195588235294117,1.3455882352941178,12.0,91.58529411764707,62.776785714285715,50.779,-1.835,0
hurn,2.0,8.595588235294118,1.3852941176470588,11.279411764705882,65.30882352941177,79.22678571428571,50.779,-1.835,0
hurn,3.0,10.785074626865672,2.4865671641791045,8.567164179104477,64.22835820895523,118.81454545454545,50.779,-1.835,0
hurn,4.0,13.483582089552238,3.8492537313432833,5.223880597014926,51.10895522388059,179.36545454545455,50.779,-1.835,0
hurn,5.0,16.786567164179104,6.916417910447761,0.8955223880597015,52.45522388059702,211.34363636363636,50.779,-1.835,0
hurn,6.0,19.829850746268654,9.876119402985076,0.0,53.74029850746268,216.25454545454548,50.779,-1.835,0
hurn,7.0,21.84328358208955,11.77462686567164,0.0,47.64328358208955,221.49454545454543,50.779,-1.835,0
hurn,8.0,21.550746268656717,11.601492537313431,0.0,58.6955223880597,201.85272727272726,50.779,-1.835,0
hurn,9.0,19.211940298507464,9.444776119402984,0.1044776119402985,68.9731343283582,154.10181818181817,50.779,-1.835,0
hurn,10.0,15.504477611940297,7.2343283582089555,1.8805970149253732,94.93134328358208,109.63454545454546,50.779,-1.835,0
hurn,11.0,11.367164179104478,3.6776119402985077,7.402985074626866,97.40149253731343,77.96545454545455,50.779,-1.835,0
hurn,12.0,8.955223880597014,1.9582089552238804,11.417910447761194,98.90298507462687,55.8,50.779,-1.835,0
lerwick,1.0,5.544680851063831,1.4563829787234044,8.202127659574469,131.2776595744681,24.615957446808512,60.139,-1.183,2
lerwick,2.0,5.402127659574468,1.2340425531914894,8.351063829787234,101.63617021276595,53.64042553191489,60.139,-1.183,2
lerwick,3.0,6.333333333333333,1.9397849462365593,6.870967741935484,97.38709677419355,89.31182795698925,60.139,-1.183,2
lerwick,4.0,8.06774193548387,3.081720430107527,3.6666666666666665,68.73225806451613,133.5784946236559,60.139,-1.183,2
lerwick,5.0,10.380645161290323,5.2817204301075265,0.5053763440860215,57.26774193548387,163.49354838709678,60.139,-1.183,2
lerwick,6.0,12.659139784946236,7.696774193548387,0.021505376344086023,58.39354838709678,149.4021505376344,60.139,-1.183,2
lerwick,7.0,14.209677419354838,9.641935483870968,0.0,67.95483870967742,121.73548387096774,60.139,-1.183,2
lerwick,8.0,14.412903225806453,9.919354838709678,0.0,79.64516129032258,121.0494623655914,60.139,-1.183,2
lerwick,9.0,12.796774193548385,8.538709677419355,0.010752688172043012,104.67096774193548,98.04086021505375,60.139,-1.183,2
lerwick,10.0,10.32258064516129,6.361290322580645,0.45161290322580644,124.06344086021505,66.34193548387097,60.139,-1.183,2
lerwick,11.0,7.781720430107527,3.803225806451613,2.924731182795699,134.44731182795698,33.8494623655914,60.139,-1.183,2
lerwick,12.0,6.324468085106383,2.2265957446808513,6.382978723404255,137.35638297872342,15.913829787234043,60.139,-1.183,2
leuchars,1.0,6.416176470588235,0.4058823529411764,12.75,63.45,60.26176470588236,56.377,-2.861,2
leuchars,2.0,7.085294117647059,0.5750000000000001,11.397058823529411,46.7764705882353,80.86764705882354,56.377,-2.861,2
leuchars,3.0,9.080597014925372,1.8507462686567164,8.194029850746269,46.52388059701492,119.63731343283582,56.377,-2.861,2
leuchars,4.0,11.311940298507462,3.405970149253731,4.402985074626866,41.473134328358206,159.1582089552239,56.377,-2.861,2
leuchars,5.0,13.988059701492539,5.837313432835821,0.835820895522388,51.4910447761194,190.09253731343284,56.377,-2.861,2
leuchars,6.0,17.067164179104477,8.850746268656716,0.0,54.26268656716418,182.39701492537313,56.377,-2.861,2
leuchars,7.0,18.953731343283582,10.638805970149253,0.0,60.79402985074627,177.12537313432836,56.377,-2.861,2
leuchars,8.0,18.68358208955224,10.444776119402984,0.0,65.22089552238806,161.3776119402985,56.377,-2.861,2
leuchars,9.0,16.53880597014925,8.75820895522388,0.05970149253731343,56.76417910447761,130.10746268656717,56.377,-2.861,2
leuchars,10.0,13.129850746268657,6.165671641791045,1.3880597014925373,73.00597014925373,99.64776119402984,56.377,-2.861,2
leuchars,11.0,9.149253731343284,2.607462686567164,7.582089552238806,64.17014925373134,74.2597014925373,56.377,-2.861,2
leuchars,12.0,6.838805970149253,0.8253731343283582,12.208955223880597,65.28955223880597,50.15970149253731,56.377,-2.861,2
lowestoft,1.0,6.516666666666667,1.6805555555555556,8.51063829787234,52.510377358490565,53.48842105263157,52.483,1.727,1
lowestoft,2.0,6.925,1.761111111111111,7.106382978723404,42.25283018867924,76.35425531914893,52.483,1.727,1
lowestoft,3.0,8.991509433962264,2.8509433962264152,4.130434782608695,38.39903846153846,122.03695652173913,52.483,1.727,1
lowestoft,4.0,11.499038461538461,4.781730769230769,1.2391304347826086,39.44803921568627,171.484375,52.483,1.727,1
lowestoft,5.0,14.696153846153845,7.796190476190477,0.07608695652173912,41.81553398058253,209.80102040816328,52.483,1.727,1
lowestoft,6.0,18.058490566037737,10.668867924528302,0.0,44.89903846153846,204.93099999999998,52.483,1.727,1
lowestoft,7.0,20.399047619047618,12.87904761904762,0.13043478260869565,53.59708737864078,205.47599999999997,52.483,1.727,1
lowestoft,8.0,20.536893203883494,13.019417475728156,0.21111111111111108,54.861538461538466,199.9618556701031,52.483,1.727,1
lowestoft,9.0,18.40095238095238,11.203809523809525,0.15217391304347824,51.932692307692314,155.5939393939394,52.483,1.727,1
lowestoft,10.0,14.513333333333334,8.451428571428572,0.26881720430107525,60.1631067961165,113.44000000000001,52.483,1.727,1
lowestoft,11.0,10.071428571428571,4.757142857142857,2.21505376344086,66.55242718446601,65.05319148936171,52.483,1.727,1
lowestoft,12.0,7.426168224299065,2.6271028037383175,6.268817204301075,57.095238095238095,46.61827956989247,52.483,1.727,1
manston,1.0,6.895121951219512,2.0414634146341464,7.546875,49.86951219512195,62.30909090909091,51.346,1.337,0
manston,2.0,7.336585365853658,2.1207317073170735,6.671875,37.60493827160494,81.14477611940299,51.346,1.337,0
manston,3.0,9.701234567901235,3.2950617283950616,3.619047619047619,37.9675,126.72835820895521,51.346,1.337,0
manston,4.0,12.397530864197531,5.258024691358025,1.0158730158730158,37.63086419753087,186.46268656716418,51.346,1.337,0
manston,5.0,15.639506172839505,8.106172839506172,0.07936507936507936,42.67901234567901,222.2014925373134,51.346,1.337,0
manston,6.0,19.048148148148147,11.033333333333333,0.0,43.405,228.64626865671642,51.346,1.337,0
manston,7.0,21.32560975609756,13.235365853658536,0.0,46.706097560975614,229.3409090909091,51.346,1.337,0
manston,8.0,21.368750000000002,13.41625,0.0,49.99753086419753,214.48939393939395,51.346,1.337,0
manston,9.0,18.855,11.61375,0.0,53.063750000000006,161.96212121212122,51.346,1.337,0
manston,10.0,14.901234567901236,8.799999999999999,0.07936507936507935,67.85555555555555,118.15,51.346,1.337,0
manston,11.0,10.448148148148148,5.187654320987654,1.8888888888888888,70.12025316455696,72.97575757575757,51.346,1.337,0
manston,12.0,7.796296296296297,2.962962962962963,6.015873015873016,55.059259259259264,54.86716417910448,51.346,1.337,0
nairn,1.0,6.268817204301075,0.5010752688172043,11.86021505376344,50.20645161290322,47.91290322580645,57.593,-3.821,2
nairn,2.0,6.88494623655914,0.4537634408602151,10.795698924731182,40.1258064516129,76.87472527472528,57.593,-3.821,2
nairn,3.0,8.90752688172043,1.8344086021505375,7.935483870967742,39.22043010752688,111.37065217391304,57.593,-3.821,2
nairn,4.0,11.201075268817204,3.3376344086021503,3.967741935483871,39.424731182795696,144.81521739130434,57.593,-3.821,2
nairn,5.0,13.918478260869565,5.778260869565218,0.8064516129032258,47.47741935483871,175.71648351648352,57.593,-3.821,2
nairn,6.0,16.662921348314608,8.66179775280899,0.021978021978021976,52.98571428571429,165.1505617977528,57.593,-3.821,2
nairn,7.0,18.31123595505618,10.63370786516854,0.0,65.05604395604395,147.18333333333334,57.593,-3.821,2
nairn,8.0,17.99550561797753,10.42840909090909,0.0,68.91304347826087,140.52022471910112,57.593,-3.821,2
nairn,9.0,15.923076923076923,8.57,0.10989010989010989,57.64193548387097,117.99010989010989,57.593,-3.821,2
nairn,10.0,12.705376344086021,5.907608695652174,1.4130434782608696,64.71827956989247,89.18387096774194,57.593,-3.821,2
nairn,11.0,8.964516129032258,2.747826086956522,5.6521739130434785,56.71290322580646,54.92580645161291,57.593,-3.821,2
nairn,12.0,6.915217391304347,1.0890109890109891,10.197802197802199,55.268478260869564,35.84111111111111,57.593,-3.821,2
newtonrigg,1.0,5.871212121212121,0.4363636363636364,12.196969696969697,98.86562500000001,42.13478260869565,54.67,-2.786,1
newtonrigg,2.0,6.448484848484849,0.593939393939394,11.181818181818182,72.91250000000001,64.4,54.67,-2.786,1
newtonrigg,3.0,8.543076923076923,1.743076923076923,8.646153846153846,71.36349206349206,93.7391304347826,54.67,-2.786,1
newtonrigg,4.0,11.418461538461539,3.0753846153846154,5.2615384615384615,49.163492063492065,134.68260869565216,54.67,-2.786,1
newtonrigg,5.0,14.952307692307691,5.649230769230769,1.2923076923076924,57.139682539682546,181.4434782608696,54.67,-2.786,1
newtonrigg,6.0,17.633846153846154,8.621538461538462,0.015384615384615385,63.41111111111112,190.7434782608696,54.67,-2.786,1
newtonrigg,7.0,19.163076923076922,10.476923076923077,0.0,69.57460317460318,157.95652173913044,54.67,-2.786,1
newtonrigg,8.0,18.676923076923078,10.203076923076924,0.0,78.72063492063491,150.94545454545457,54.67,-2.786,1
newtonrigg,9.0,16.215384615384615,8.346153846153847,0.12307692307692308,81.48571428571428,113.13478260869566,54.67,-2.786,1
newtonrigg,10.0,12.755384615384616,5.966153846153846,2.1538461538461537,101.91746031746031,88.7695652173913,54.67,-2.786,1
newtonrigg,11.0,8.684615384615384,2.706153846153846,7.369230769230769,100.7,53.439130434782605,54.67,-2.786,1
newtonrigg,12.0,6.506153846153846,0.7584615384615384,11.661538461538461,106.18412698412699,39.34090909090909,54.67,-2.786,1
oxford,1.0,6.820348837209302,1.5180232558139537,10.19186046511628,56.63837209302325,58.37916666666667,51.761,-1.262,0
oxford,2.0,7.566860465116279,1.6215116279069766,9.093023255813954,43.586046511627906,74.25000000000001,51.761,-1.262,0
oxford,3.0,10.073099415204679,2.516959064327485,7.052631578947368,44.64093567251462,117.10421052631577,51.761,-1.262,0
oxford,4.0,13.282456140350877,4.412865497076024,2.5672514619883042,44.65555555555556,156.9157894736842,51.761,-1.262,0
oxford,5.0,16.8046783625731,7.241520467836257,0.40350877192982454,52.94093567251462,193.2284210526316,51.761,-1.262,0
oxford,6.0,20.007017543859646,10.35672514619883,0.0,53.900584795321635,198.86526315789473,51.761,-1.262,0
oxford,7.0,21.90233918128655,12.314035087719297,0.0,57.46491228070175,196.92000000000004,51.761,-1.262,0
oxford,8.0,21.346198830409357,12.083040935672514,0.0,59.930994152046786,183.9094736842105,51.761,-1.262,0
oxford,9.0,18.63684210526316,9.972514619883041,0.005847953216374269,55.55614035087719,139.97684210526313,51.761,-1.262,0
oxford,10.0,14.263157894736842,7.007017543859649,1.2046783625730995,67.90292397660818,105.1315789473684,51.761,-1.262,0
oxford,11.0,9.763742690058479,3.801169590643275,5.111111111111111,61.109941520467835,68.01684210526315,51.761,-1.262,0
oxford,12.0,7.4222222222222225,2.146470588235294,8.682352941176472,60.824561403508774,52.77157894736841,51.761,-1.262,0
paisley,1.0,6.551515151515151,1.6181818181818182,9.363636363636363,132.04545454545453,38.43787878787879,55.846,-4.43,2
paisley,2.0,7.2,1.7545454545454544,7.909090909090909,101.06212121212121,62.663636363636364,55.846,-4.43,2
paisley,3.0,9.4,2.8846153846153846,4.676923076923077,97.08923076923077,98.6123076923077,55.846,-4.43,2
paisley,4.0,12.466153846153846,4.573846153846154,1.6,61.33846153846154,143.64923076923077,55.846,-4.43,2
paisley,5.0,15.726153846153847,7.229230769230769,0.13846153846153847,69.5923076923077,181.14769230769232,55.846,-4.43,2
paisley,6.0,18.296923076923076,10.123076923076923,0.0,66.12923076923076,168.53846153846155,55.846,-4.43,2
paisley,7.0,19.46153846153846,11.766153846153845,0.0,74.95076923076924,158.73538461538462,55.846,-4.43,2
paisley,8.0,19.07076923076923,11.593846153846155,0.0,92.18307692307691,146.26923076923077,55.846,-4.43,2
paisley,9.0,16.435384615384613,9.712307692307691,0.015384615384615385,108.45384615384616,113.9723076923077,55.846,-4.43,2
paisley,10.0,12.94,7.052307692307692,0.7076923076923077,131.86923076923077,81.93846153846154,55.846,-4.43,2
paisley,11.0,9.089230769230769,3.746153846153846,5.0,126.14307692307692,52.57692307692308,55.846,-4.43,2
paisley,12.0,6.975384615384615,1.9984615384615385,8.338461538461539,134.68153846153845,32.20153846153846,55.846,-4.43,2
ringway,1.0,6.573214285714286,1.1928571428571428,10.392857142857142,68.39090909090909,45.78305084745762,53.356,-2.279,1
ringway,2.0,7.0625,1.1964285714285714,9.839285714285714,53.43636363636364,66.0457627118644,53.356,-2.279,1
ringway,3.0,9.416071428571428,2.6892857142857145,5.714285714285714,57.71590909090909,102.75762711864407,53.356,-2.279,1
ringway,4.0,12.080357142857142,4.403571428571429,2.0714285714285716,54.00909090909091,140.24576271186442,53.356,-2.279,1
ringway,5.0,15.741071428571429,7.371428571428571,0.16071428571428573,60.25909090909091,186.8084745762712,53.356,-2.279,1
ringway,6.0,18.480357142857144,10.144642857142857,0.0,65.25454545454545,181.0949152542373,53.356,-2.279,1
ringway,7.0,19.967857142857145,12.075,0.0,63.38409090909091,170.25423728813558,53.356,-2.279,1
ringway,8.0,19.855357142857144,11.9625,0.0,76.85454545454546,162.64745762711865,53.356,-2.279,1
ringway,9.0,17.303571428571427,10.016071428571427,0.0,73.28409090909089,125.42372881355932,53.356,-2.279,1
ringway,10.0,13.719642857142858,7.217857142857143,1.0178571428571428,82.62045454545455,96.88474576271186,53.356,-2.279,1
ringway,11.0,9.441818181818181,3.770909090909091,4.618181818181818,80.06511627906977,55.682758620689654,53.356,-2.279,1
ringway,12.0,7.245454545454546,1.889090909090909,8.563636363636364,79.99302325581397,42.03448275862069,53.356,-2.279,1
rossonwye,1.0,7.2531914893617015,1.5425531914893618,10.563829787234043,72.8340425531915,53.57659574468085,51.911,-2.584,0
rossonwye,2.0,7.805319148936171,1.574468085106383,9.542553191489361,52.77872340425532,70.67765957446808,51.911,-2.584,0
rossonwye,3.0,10.405376344086022,2.6913978494623656,6.78494623655914,51.175268817204305,114.75806451612904,51.911,-2.584,0
rossonwye,4.0,13.341935483870968,4.497849462365592,2.3870967741935485,48.725806451612904,155.98279569892472,51.911,-2.584,0
rossonwye,5.0,16.676344086021505,7.27741935483871,0.3333333333333333,57.47741935483871,189.041935483871,51.911,-2.584,0
rossonwye,6.0,19.776344086021506,10.317204301075268,0.0,51.51182795698925,195.83978494623653,51.911,-2.584,0
rossonwye,7.0,21.550537634408602,12.161290322580646,0.0,48.85913978494623,192.55806451612904,51.911,-2.584,0
rossonwye,8.0,21.107526881720432,11.911827956989248,0.0,59.90430107526882,176.3279569892473,51.911,-2.584,0
rossonwye,9.0,18.51505376344086,9.820430107526882,0.03225806451612903,58.77741935483871,134.41505376344085,51.911,-2.584,0
rossonwye,10.0,14.440860215053764,7.094623655913978,1.4838709677419355,72.05913978494624,97.13225806451612,51.911,-2.584,0
rossonwye,11.0,10.287096774193548,4.125806451612903,4.913978494623656,75.1741935483871,61.95591397849462,51.911,-2.584,0
rossonwye,12.0,7.958510638297873,2.3893617021276596,8.553191489361701,74.53829787234044,47.72659574468085,51.911,-2.584,0
shawbury,1.0,6.992647058823529,0.6764705882352942,12.455882352941176,56.71518987341772,49.768354430379745,52.794,-2.663,1
shawbury,2.0,7.550000000000001,0.7911764705882353,11.544117647058824,43.57215189873418,66.0126582278481,52.794,-2.663,1
shawbury,3.0,9.832835820895522,1.9880597014925372,8.55223880597015,46.707692307692305,104.37692307692308,52.794,-2.663,1
shawbury,4.0,12.576119402985075,3.4611940298507458,5.149253731343284,44.97179487179488,145.82435897435897,52.794,-2.663,1
shawbury,5.0,15.982089552238804,6.376119402985075,1.0298507462686568,54.01153846153846,182.57051282051282,52.794,-2.663,1
shawbury,6.0,18.961194029850745,9.294029850746268,0.029850746268656712,54.91282051282051,180.6038961038961,52.794,-2.663,1
shawbury,7.0,20.70149253731343,11.22537313432836,0.0,57.56282051282051,176.21410256410257,52.794,-2.663,1
shawbury,8.0,20.356716417910448,11.017910447761194,0.0,62.6474358974359,158.01410256410256,52.794,-2.663,1
shawbury,9.0,17.894029850746268,8.99402985074627,0.10447761194029849,60.87820512820513,123.62179487179488,52.794,-2.663,1
shawbury,10.0,14.134328358208954,6.482089552238806,1.701492537313433,62.792307692307695,90.54615384615386,52.794,-2.663,1
shawbury,11.0,9.888059701492537,3.0820895522388057,7.2388059701492535,62.90512820512821,58.38717948717949,52.794,-2.663,1
shawbury,12.0,7.540298507462687,1.21044776119403,11.223880597014926,63.97564102564103,44.65256410256411,52.794,-2.663,1
sheffield,1.0,6.343262411347517,1.648936170212766,8.822695035460994,79.1169014084507,43.494791666666664,53.381,-1.49,1
sheffield,2.0,6.755319148936171,1.575177304964539,8.460992907801419,65.03591549295776,59.735416666666666,53.381,-1.49,1
sheffield,3.0,9.020714285714286,2.556428571428571,5.857142857142858,60.32553191489362,102.80744680851065,53.381,-1.49,1
sheffield,4.0,11.930714285714286,4.335,1.6285714285714286,54.201418439716306,134.20210526315788,53.381,-1.49,1
sheffield,5.0,15.51857142857143,7.077142857142857,0.07857142857142857,58.793617021276596,174.71894736842103,53.381,-1.49,1
sheffield,6.0,18.624285714285715,10.104285714285714,0.0,58.94539007092198,179.32105263157894,53.381,-1.49,1
sheffield,7.0,20.36231884057971,12.168115942028985,0.0,62.8468085106383,177.19473684210527,53.381,-1.49,1
sheffield,8.0,19.95072463768116,11.921739130434784,0.0,67.09574468085107,163.44,53.381,-1.49,1
sheffield,9.0,17.38478260869565,10.049999999999999,0.0,58.348226950354615,125.44421052631579,53.381,-1.49,1
sheffield,10.0,13.260869565217392,7.182608695652173,0.38405797101449274,76.91560283687943,88.28315789473685,53.381,-1.49,1
sheffield,11.0,9.207971014492754,4.298550724637682,2.4855072463768115,79.98226950354609,51.16947368421052,53.381,-1.49,1
sheffield,12.0,6.982608695652174,2.3818840579710145,6.601449275362319,83.32978723404256,38.34421052631579,53.381,-1.49,1
southampton,1.0,7.498620689655172,2.0213793103448277,9.386206896551725,81.45586206896552,55.71855670103093,50.898,-1.408,0
southampton,2.0,8.12896551724138,2.099310344827586,8.307692307692308,59.11506849315068,75.09895833333333,50.898,-1.408,0
southampton,3.0,10.395172413793103,2.94,6.021126760563381,56.37945205479452,121.11752577319587,50.898,-1.408,0
southampton,4.0,13.561805555555557,4.908333333333333,1.6715328467153285,50.42413793103448,168.32886597938142,50.898,-1.408,0
southampton,5.0,17.102083333333333,7.808333333333333,0.0979020979020979,51.357241379310345,213.95729166666666,50.898,-1.408,0
southampton,6.0,20.027083333333334,10.790972222222221,0.0,51.73655172413793,215.059793814433,50.898,-1.408,0
southampton,7.0,21.754166666666666,12.69448275862069,0.0,54.892413793103444,212.5734693877551,50.898,-1.408,0
southampton,8.0,21.490972222222222,12.60551724137931,0.0,64.71655172413793,199.61546391752574,50.898,-1.408,0
southampton,9.0,19.101388888888888,10.55655172413793,0.0,68.33793103448276,154.99081632653062,50.898,-1.408,0
southampton,10.0,15.010416666666666,7.649655172413794,0.8529411764705882,89.2448275862069,110.18144329896907,50.898,-1.408,0
southampton,11.0,10.614482758620689,4.319310344827586,4.020833333333334,83.26206896551724,69.92061855670103,50.898,-1.408,0
southampton,12.0,8.270138888888889,2.754166666666667,7.657342657342657,87.46413793103447,49.884375,50.898,-1.408,0
stornoway,1.0,6.833557046979866,1.9074324324324325,6.966216216216217,135.3751677852349,33.55157894736842,58.214,-6.318,2
stornoway,2.0,6.957615894039734,1.7053333333333334,6.726666666666667,99.88874172185432,62.08125,58.214,-6.318,2
stornoway,3.0,7.950666666666666,2.2604026845637586,6.154362416107382,94.75066666666667,105.22315789473684,58.214,-6.318,2
stornoway,4.0,9.849664429530202,3.610738255033557,2.577181208053691,71.81666666666666,149.0,58.214,-6.318,2
stornoway,5.0,12.242666666666667,5.827333333333334,0.54,63.67066666666667,189.59042553191492,58.214,-6.318,2
stornoway,6.0,14.512666666666668,8.398,0.006666666666666667,63.59866666666666,164.2915789473684,58.214,-6.318,2
stornoway,7.0,15.875496688741721,10.111920529801326,0.0,75.15364238410596,127.03368421052632,58.214,-6.318,2
stornoway,8.0,15.889403973509935,10.095364238410596,0.0,90.79205298013245,128.61368421052632,58.214,-6.318,2
stornoway,9.0,14.257615894039736,8.510596026490065,0.013245033112582781,106.56026490066225,104.14947368421052,58.214,-6.318,2
stornoway,10.0,11.613245033112582,6.050993377483444,0.7814569536423841,133.0271523178808,76.27052631578948,58.214,-6.318,2
stornoway,11.0,8.909271523178807,3.6834437086092717,3.218543046357616,131.91986754966888,43.50421052631579,58.214,-6.318,2
stornoway,12.0,7.358278145695364,2.3629139072847685,6.152317880794702,138.13509933774836,25.44,58.214,-6.318,2
suttonbonington,1.0,6.946969696969697,1.303030303030303,10.666666666666666,50.9390625,48.119512195121956,52.833,-1.25,1
suttonbonington,2.0,7.481818181818182,1.4287878787878787,9.651515151515152,42.75,63.136585365853655,52.833,-1.25,1
suttonbonington,3.0,9.955384615384617,2.5984615384615384,6.461538461538462,43.25396825396825,99.4829268292683,52.833,-1.25,1
suttonbonington,4.0,12.76,4.044615384615384,3.4307692307692306,44.16666666666667,131.1512195121951,52.833,-1.25,1
suttonbonington,5.0,16.21846153846154,6.678461538461539,0.9076923076923077,47.8984126984127,177.50975609756097,52.833,-1.25,1
suttonbonington,6.0,19.352307692307694,9.667692307692308,0.06153846153846154,58.83174603174603,171.88292682926829,52.833,-1.25,1
suttonbonington,7.0,21.41846153846154,11.606153846153846,0.0,54.89047619047619,179.71951219512195,52.833,-1.25,1
suttonbonington,8.0,21.144615384615385,11.576923076923077,0.0,56.803174603174604,173.01463414634145,52.833,-1.25,1
suttonbonington,9.0,18.392307692307693,9.661538461538461,0.12307692307692308,49.82063492063492,130.71951219512195,52.833,-1.25,1
suttonbonington,10.0,14.42153846153846,7.203076923076923,1.2153846153846153,57.13650793650794,98.79268292682929,52.833,-1.25,1
suttonbonington,11.0,9.918461538461539,3.8646153846153846,5.3538461538461535,54.81904761904762,58.67317073170732,52.833,-1.25,1
suttonbonington,12.0,7.518461538461538,1.92,9.338461538461539,57.56666666666667,41.16829268292683,52.833,-1.25,1
tiree,1.0,7.56063829787234,3.247872340425532,3.4468085106382977,127.08936170212766,38.671875,56.5,-6.88,2
tiree,2.0,7.498936170212765,2.972340425531915,3.74468085106383,89.97446808510638,67.8125,56.5,-6.88,2
tiree,3.0,8.62258064516129,3.741935483870968,2.3870967741935485,85.29032258064517,114.10520833333334,56.5,-6.88,2
tiree,4.0,10.423655913978495,4.946236559139785,0.8387096774193549,65.39892473118279,175.2614583333333,56.5,-6.88,2
tiree,5.0,12.903225806451614,7.06236559139785,0.02150537634408602,60.29032258064516,223.21145833333333,56.5,-6.88,2
tiree,6.0,14.9,9.487096774193548,0.0,66.53118279569892,197.22083333333333,56.5,-6.88,2
tiree,7.0,16.11505376344086,11.076344086021505,0.0,85.48064516129033,160.30833333333334,56.5,-6.88,2
tiree,8.0,16.340860215053763,11.24731182795699,0.0,95.17204301075269,158.671875,56.5,-6.88,2
tiree,9.0,14.943010752688172,10.113978494623657,0.0,118.35806451612903,119.83052631578947,56.5,-6.88,2
tiree,10.0,12.582795698924732,8.1247311827957,0.03225806451612903,139.5043010752688,81.47916666666667,56.5,-6.88,2
tiree,11.0,9.925806451612903,5.467741935483871,0.7634408602150539,128.947311827957,47.55104166666666,56.5,-6.88,2
tiree,12.0,8.36595744680851,4.048936170212766,2.3085106382978724,132.1808510638298,30.836458333333336,56.5,-6.88,2
valley,1.0,7.958510638297873,3.4457446808510634,5.26595744680851,84.53617021276595,57.71063829787234,53.252,-4.535,1
valley,2.0,7.967021276595744,3.075531914893617,5.372340425531915,60.253191489361704,80.92446808510638,53.252,-4.535,1
valley,3.0,9.547311827956989,3.972043010752688,2.89247311827957,57.14731182795699,125.50967741935483,53.252,-4.535,1
valley,4.0,11.638709677419357,5.524731182795699,0.5913978494623656,49.575268817204304,176.81720430107526,53.252,-4.535,1
valley,5.0,14.570967741935483,8.022580645161291,0.010752688172043012,52.56559139784947,221.56344086021508,53.252,-4.535,1
valley,6.0,16.970967741935482,10.661290322580646,0.0,54.166304347826085,212.33763440860216,53.252,-4.535,1
valley,7.0,18.456989247311828,12.473118279569892,0.0,57.01290322580645,191.8043010752688,53.252,-4.535,1
valley,8.0,18.591397849462364,12.663440860215054,0.0,69.7720430107527,182.04408602150536,53.252,-4.535,1
valley,9.0,17.006451612903223,11.34731182795699,0.0,78.23763440860215,140.43978494623656,53.252,-4.535,1
valley,10.0,14.189247311827955,9.002150537634408,0.06451612903225806,97.21720430107527,102.13010752688173,53.252,-4.535,1
valley,11.0,10.950537634408603,6.186021505376344,1.010752688172043,99.8537634408602,60.98478260869565,53.252,-4.535,1
valley,12.0,8.942553191489361,4.4361702127659575,3.574468085106383,95.23829787234042,45.911702127659574,53.252,-4.535,1
waddington,1.0,6.266666666666667,0.9794871794871793,10.98684210526316,48.52820512820512,58.670512820512826,53.175,-0.522,1
waddington,2.0,6.852564102564102,0.95,10.23684210526316,39.7525641025641,75.11794871794872,53.175,-0.522,1
waddington,3.0,9.498701298701299,2.342857142857143,6.453333333333333,42.51948051948052,114.41558441558442,53.175,-0.522,1
waddington,4.0,12.331168831168831,4.176623376623377,2.04,43.13246753246753,156.8974025974026,53.175,-0.522,1
waddington,5.0,15.87922077922078,7.0168831168831165,0.16,48.56103896103896,201.06623376623378,53.175,-0.522,1
waddington,6.0,18.906493506493504,10.04025974025974,0.0,55.42987012987013,192.82077922077923,53.175,-0.522,1
waddington,7.0,20.941558441558442,12.057142857142857,0.0,56.48571428571428,189.62857142857143,53.175,-0.522,1
waddington,8.0,20.75844155844156,11.96883116883117,0.0,61.91428571428571,179.84155844155842,53.175,-0.522,1
waddington,9.0,18.083116883116883,10.062337662337661,0.0,49.88181818181818,140.99090909090907,53.175,-0.522,1
waddington,10.0,14.042857142857143,7.176623376623377,0.48000000000000004,55.12207792207792,106.12337662337663,53.175,-0.522,1
waddington,11.0,9.364935064935064,3.742857142857143,3.6666666666666665,55.52337662337663,67.82077922077922,53.175,-0.522,1
waddington,12.0,6.938961038961039,1.8064935064935064,9.013333333333334,52.73896103896104,52.8012987012987,53.175,-0.522,1
whitby,1.0,6.877049180327869,1.7451612903225806,7.661290322580646,54.13709677419355,61.074999999999996,54.481,-0.624,1
whitby,2.0,7.203278688524589,1.8258064516129033,7.580645161290322,41.91935483870968,83.67959183673469,54.481,-0.624,1
whitby,3.0,8.95593220338983,2.7278688524590162,4.639344262295082,40.41803278688525,125.8375,54.481,-0.624,1
whitby,4.0,10.834426229508198,4.160655737704919,2.1129032258064515,40.17213114754098,161.97708333333333,54.481,-0.624,1
whitby,5.0,13.762295081967213,6.72741935483871,0.3548387096774194,42.88709677419355,205.71041666666667,54.481,-0.624,1
whitby,6.0,16.925806451612903,9.608064516129033,0.0,50.420967741935485,192.26808510638298,54.481,-0.624,1
whitby,7.0,18.961290322580645,11.708064516129031,0.0,48.95483870967742,200.3787234042553,54.481,-0.624,1
whitby,8.0,18.86885245901639,11.729508196721312,0.0,55.829032258064515,182.4,54.481,-0.624,1
whitby,9.0,16.922580645161293,9.95483870967742,0.0,49.53492063492063,146.3808510638298,54.481,-0.624,1
whitby,10.0,13.595081967213115,7.579999999999999,0.2833333333333334,54.78,109.02553191489362,54.481,-0.624,1
whitby,11.0,9.688524590163935,4.395081967213115,2.4098360655737703,63.25573770491803,69.57659574468086,54.481,-0.624,1
whitby,12.0,7.516129032258064,2.317741935483871,6.661290322580646,61.73898305084745,51.51458333333333,54.481,-0.624,1
wickairport,1.0,5.998198198198198,1.2243243243243245,9.138297872340425,75.81171171171171,43.03958333333333,58.454,-3.088,2
wickairport,2.0,6.1880733944954125,1.0623853211009175,8.870967741935484,57.043243243243246,72.93333333333334,58.454,-3.088,2
wickairport,3.0,7.51651376146789,1.959090909090909,6.731182795698924,54.68818181818182,105.63265306122449,58.454,-3.088,2
wickairport,4.0,9.302752293577981,3.2354545454545454,3.913978494623656,47.99363636363636,145.25306122448978,58.454,-3.088,2
wickairport,5.0,11.356880733944953,5.441818181818182,1.1720430107526882,46.79727272727273,170.3979591836735,58.454,-3.088,2
wickairport,6.0,13.925688073394495,7.8927272727272735,0.05376344086021505,50.85181818181818,162.92708333333334,58.454,-3.088,2
wickairport,7.0,15.580733944954128,9.8,0.0,62.556363636363635,137.98125000000002,58.454,-3.088,2
wickairport,8.0,15.639090909090909,9.911009174311925,0.0,68.71363636363637,135.9938775510204,58.454,-3.088,2
wickairport,9.0,14.167272727272728,8.399082568807339,0.14130434782608695,70.98727272727272,113.17142857142858,58.454,-3.088,2
wickairport,10.0,11.559090909090909,6.290909090909091,0.8279569892473119,82.32272727272728,85.79795918367347,58.454,-3.088,2
wickairport,11.0,8.476363636363637,3.459090909090909,4.021505376344086,86.11272727272727,49.9061224489796,58.454,-3.088,2
wickairport,12.0,6.670000000000001,1.8563636363636362,7.765957446808511,77.63181818181818,31.829166666666662,58.454,-3.088,2
yeovilton,1.0,8.323333333333332,1.62,10.716666666666667,70.685,58.041463414634144,51.006,-2.641,0
yeovilton,2.0,8.639999999999999,1.5766666666666667,10.016666666666667,55.52166666666667,77.12195121951218,51.006,-2.641,0
yeovilton,3.0,10.813559322033898,2.674576271186441,7.745762711864407,53.57796610169491,113.15499999999999,51.006,-2.641,0
yeovilton,4.0,13.44406779661017,3.925423728813559,4.779661016949152,45.79661016949152,166.995,51.006,-2.641,0
yeovilton,5.0,16.735593220338984,7.023728813559321,0.6440677966101694,52.489830508474576,194.875,51.006,-2.641,0
yeovilton,6.0,19.78135593220339,10.04915254237288,0.0,55.26101694915254,189.0974358974359,51.006,-2.641,0
yeovilton,7.0,21.75423728813559,12.00508474576271,0.0,55.43559322033898,196.4975,51.006,-2.641,0
yeovilton,8.0,21.415254237288135,11.864406779661017,0.0,58.40338983050847,176.185,51.006,-2.641,0
yeovilton,9.0,19.013333333333332,9.811666666666667,0.03333333333333333,55.626666666666665,141.285,51.006,-2.641,0
yeovilton,10.0,15.266666666666667,7.430000000000001,1.6666666666666667,74.18,102.865,51.006,-2.641,0
yeovilton,11.0,11.243333333333334,3.9483333333333333,6.233333333333333,73.08333333333333,69.21951219512195,51.006,-2.641,0
yeovilton,12.0,9.01,2.2700000000000005,10.016666666666667,79.36666666666666,49.72439024390244,51.006,-2.641,0
