yyyy,mm,tmax (degC),tmin (degC),af (days),rain (mm),sun (hours)
1853,1,7.120125786163522,1.6773584905660373,8.522012578616351,57.3,46.90105263157895
1853,2,7.8918238993710705,1.746540880503145,7.70440251572327,32.3,66.27157894736841
1853,3,9.707594936708862,2.427848101265823,6.677215189873418,65.5,101.30106382978724
1853,4,12.406918238993711,3.90125786163522,2.8238993710691824,46.2,144.78936170212768
1853,5,15.365408805031446,6.3496855345911944,0.36477987421383645,13.2,176.2127659574468
1853,6,18.12264150943396,9.276100628930818,0.0,53.3,156.12659574468083
1853,7,19.333962264150944,11.09119496855346,0.0,78.0,131.352688172043
1853,8,18.925786163522012,10.831446540880503,0.006289308176100629,56.6,132.11182795698923
1853,9,16.67610062893082,9.010691823899371,0.018867924528301886,24.5,109.7808510638298
1853,10,13.09748427672956,6.350314465408806,1.1823899371069182,94.8,87.26595744680851
1853,11,9.50125786163522,3.4842767295597485,4.672955974842767,75.5,59.488297872340425
1853,12,7.528301886792453,2.1459119496855346,7.383647798742138,39.1,37.915217391304346
1854,1,7.120125786163522,1.6773584905660373,8.522012578616351,78.9,46.90105263157895
1854,2,7.8918238993710705,1.746540880503145,7.70440251572327,38.8,66.27157894736841
1854,3,9.707594936708862,2.427848101265823,6.677215189873418,41.2,101.30106382978724
1854,4,12.406918238993711,3.90125786163522,2.8238993710691824,4.5,144.78936170212768
1854,5,15.365408805031446,6.3496855345911944,0.36477987421383645,73.5,176.2127659574468
1854,6,18.12264150943396,9.276100628930818,0.0,115.4,156.12659574468083
1854,7,19.333962264150944,11.09119496855346,0.0,133.1,131.352688172043
1854,8,18.925786163522012,10.831446540880503,0.006289308176100629,65.6,132.11182795698923
1854,9,16.67610062893082,9.010691823899371,0.018867924528301886,42.4,109.7808510638298
1854,10,13.09748427672956,6.350314465408806,1.1823899371069182,73.6,87.26595744680851
1854,11,9.50125786163522,3.4842767295597485,4.672955974842767,63.0,59.488297872340425
1854,12,7.528301886792453,2.1459119496855346,7.383647798742138,107.2,37.915217391304346
1855,1,7.120125786163522,1.6773584905660373,8.522012578616351,7.3,46.90105263157895
1855,2,7.8918238993710705,1.746540880503145,7.70440251572327,38.7,66.27157894736841
1855,3,9.707594936708862,2.427848101265823,6.677215189873418,54.2,101.30106382978724
1855,4,12.406918238993711,3.90125786163522,2.8238993710691824,34.2,144.78936170212768
1855,5,15.365408805031446,6.3496855345911944,0.36477987421383645,62.2,176.2127659574468
1855,6,18.12264150943396,9.276100628930818,0.0,60.2,156.12659574468083
1855,7,19.333962264150944,11.09119496855346,0.0,71.5,131.352688172043
1855,8,18.925786163522012,10.831446540880503,0.006289308176100629,83.3,132.11182795698923
1855,9,16.67610062893082,9.010691823899371,0.018867924528301886,37.4,109.7808510638298
1855,10,13.09748427672956,6.350314465408806,1.1823899371069182,81.9,87.26595744680851
1855,11,9.50125786163522,3.4842767295597485,4.672955974842767,17.4,59.488297872340425
1855,12,7.528301886792453,2.1459119496855346,7.383647798742138,54.3,37.915217391304346
1856,1,7.120125786163522,1.6773584905660373,8.522012578616351,58.7,46.90105263157895
1856,2,7.8918238993710705,1.746540880503145,7.70440251572327,38.8,66.27157894736841
1856,3,9.707594936708862,2.427848101265823,6.677215189873418,21.1,101.30106382978724
1856,4,12.406918238993711,3.90125786163522,2.8238993710691824,26.3,144.78936170212768
1856,5,15.365408805031446,6.3496855345911944,0.36477987421383645,107.4,176.2127659574468
1856,6,18.12264150943396,9.276100628930818,0.0,58.1,156.12659574468083
1856,7,19.333962264150944,11.09119496855346,0.0,39.4,131.352688172043
1856,8,18.925786163522012,10.831446540880503,0.006289308176100629,66.9,132.11182795698923
1856,9,16.67610062893082,9.010691823899371,0.018867924528301886,80.1,109.7808510638298
1856,10,13.09748427672956,6.350314465408806,1.1823899371069182,36.5,87.26595744680851
1856,11,9.50125786163522,3.4842767295597485,4.672955974842767,36.1,59.488297872340425
1856,12,7.528301886792453,2.1459119496855346,7.383647798742138,90.5,37.915217391304346
1857,1,7.120125786163522,1.6773584905660373,8.522012578616351,82.7,46.90105263157895
1857,2,7.8918238993710705,1.746540880503145,7.70440251572327,41.6,66.27157894736841
1857,3,9.707594936708862,2.427848101265823,6.677215189873418,99.3,101.30106382978724
1857,4,12.406918238993711,3.90125786163522,2.8238993710691824,112.2,144.78936170212768
1857,5,15.365408805031446,6.3496855345911944,0.36477987421383645,31.6,176.2127659574468
1857,6,18.12264150943396,9.276100628930818,0.0,47.5,156.12659574468083
1857,7,19.333962264150944,11.09119496855346,0.0,70.5,131.352688172043
1857,8,18.925786163522012,10.831446540880503,0.006289308176100629,76.0,132.11182795698923
1857,9,16.67610062893082,9.010691823899371,0.018867924528301886,45.7,109.7808510638298
1857,10,13.09748427672956,6.350314465408806,1.1823899371069182,40.2,87.26595744680851
1857,11,9.50125786163522,3.4842767295597485,4.672955974842767,84.6,59.488297872340425
1857,12,7.528301886792453,2.1459119496855346,7.383647798742138,42.7,37.915217391304346
1858,1,7.120125786163522,1.6773584905660373,8.522012578616351,37.0,46.90105263157895
1858,2,7.8918238993710705,1.746540880503145,7.70440251572327,32.8,66.27157894736841
1858,3,9.707594936708862,2.427848101265823,6.677215189873418,27.4,101.30106382978724
1858,4,12.406918238993711,3.90125786163522,2.8238993710691824,133.8,144.78936170212768
1858,5,15.365408805031446,6.3496855345911944,0.36477987421383645,83.9,176.2127659574468
1858,6,18.12264150943396,9.276100628930818,0.0,26.3,156.12659574468083
1858,7,19.333962264150944,11.09119496855346,0.0,78.5,131.352688172043
1858,8,18.925786163522012,10.831446540880503,0.006289308176100629,84.6,132.11182795698923
1858,9,16.67610062893082,9.010691823899371,0.018867924528301886,47.1,109.7808510638298
1858,10,13.09748427672956,6.350314465408806,1.1823899371069182,61.8,87.26595744680851
1858,11,9.50125786163522,3.4842767295597485,4.672955974842767,30.1,59.488297872340425
1858,12,7.528301886792453,2.1459119496855346,7.383647798742138,93.2,37.915217391304346
1859,1,7.120125786163522,1.6773584905660373,8.522012578616351,72.1,46.90105263157895
1859,2,7.8918238993710705,1.746540880503145,7.70440251572327,36.4,66.27157894736841
1859,3,9.707594936708862,2.427848101265823,6.677215189873418,64.9,101.30106382978724
1859,4,12.406918238993711,3.90125786163522,2.8238993710691824,62.1,144.78936170212768
1859,5,15.365408805031446,6.3496855345911944,0.36477987421383645,10.3,176.2127659574468
1859,6,18.12264150943396,9.276100628930818,0.0,33.7,156.12659574468083
1859,7,19.333962264150944,11.09119496855346,0.0,47.0,131.352688172043
1859,8,18.925786163522012,10.831446540880503,0.006289308176100629,81.8,132.11182795698923
1859,9,16.67610062893082,9.010691823899371,0.018867924528301886,102.2,109.7808510638298
1859,10,13.09748427672956,6.350314465408806,1.1823899371069182,38.7,87.26595744680851
1859,11,9.50125786163522,3.4842767295597485,4.672955974842767,84.9,59.488297872340425
1859,12,7.528301886792453,2.1459119496855346,7.383647798742138,63.2,37.915217391304346
1860,1,7.120125786163522,1.6773584905660373,8.522012578616351,89.3,46.90105263157895
1860,2,7.8918238993710705,1.746540880503145,7.70440251572327,28.4,66.27157894736841
1860,3,9.707594936708862,2.427848101265823,6.677215189873418,52.5,101.30106382978724
1860,4,12.406918238993711,3.90125786163522,2.8238993710691824,37.4,144.78936170212768
1860,5,15.365408805031446,6.3496855345911944,0.36477987421383645,78.3,176.2127659574468
1860,6,18.12264150943396,9.276100628930818,0.0,94.6,156.12659574468083
1860,7,19.333962264150944,11.09119496855346,0.0,34.9,131.352688172043
1860,8,18.925786163522012,10.831446540880503,0.006289308176100629,126.0,132.11182795698923
1860,9,16.67610062893082,9.010691823899371,0.018867924528301886,23.1,109.7808510638298
1860,10,13.09748427672956,6.350314465408806,1.1823899371069182,56.1,87.26595744680851
1860,11,9.50125786163522,3.4842767295597485,4.672955974842767,47.4,59.488297872340425
1860,12,7.528301886792453,2.1459119496855346,7.383647798742138,54.2,37.915217391304346
1861,1,7.120125786163522,1.6773584905660373,8.522012578616351,86.4,46.90105263157895
1861,2,7.8918238993710705,1.746540880503145,7.70440251572327,68.0,66.27157894736841
1861,3,9.707594936708862,2.427848101265823,6.677215189873418,126.4,101.30106382978724
1861,4,12.406918238993711,3.90125786163522,2.8238993710691824,28.7,144.78936170212768
1861,5,15.365408805031446,6.3496855345911944,0.36477987421383645,23.9,176.2127659574468
1861,6,18.12264150943396,9.276100628930818,0.0,158.9,156.12659574468083
1861,7,19.333962264150944,11.09119496855346,0.0,115.8,131.352688172043
1861,8,18.925786163522012,10.831446540880503,0.006289308176100629,138.5,132.11182795698923
1861,9,16.67610062893082,9.010691823899371,0.018867924528301886,103.4,109.7808510638298
1861,10,13.09748427672956,6.350314465408806,1.1823899371069182,69.0,87.26595744680851
1861,11,9.50125786163522,3.4842767295597485,4.672955974842767,81.8,59.488297872340425
1861,12,7.528301886792453,2.1459119496855346,7.383647798742138,54.5,37.915217391304346
1862,1,7.120125786163522,1.6773584905660373,8.522012578616351,118.8,46.90105263157895
1862,2,7.8918238993710705,1.746540880503145,7.70440251572327,25.1,66.27157894736841
1862,3,9.707594936708862,2.427848101265823,6.677215189873418,77.1,101.30106382978724
1862,4,12.406918238993711,3.90125786163522,2.8238993710691824,69.8,144.78936170212768
1862,5,15.365408805031446,6.3496855345911944,0.36477987421383645,109.3,176.2127659574468
1862,6,18.12264150943396,9.276100628930818,0.0,87.0,156.12659574468083
1862,7,19.333962264150944,11.09119496855346,0.0,103.6,131.352688172043
1862,8,18.925786163522012,10.831446540880503,0.006289308176100629,60.5,132.11182795698923
1862,9,16.67610062893082,9.010691823899371,0.018867924528301886,43.9,109.7808510638298
1862,10,13.09748427672956,6.350314465408806,1.1823899371069182,121.0,87.26595744680851
1862,11,9.50125786163522,3.4842767295597485,4.672955974842767,46.0,59.488297872340425
1862,12,7.528301886792453,2.1459119496855346,7.383647798742138,84.4,37.915217391304346
1863,1,7.120125786163522,1.6773584905660373,8.522012578616351,72.1,46.90105263157895
1863,2,7.8918238993710705,1.746540880503145,7.70440251572327,20.5,66.27157894736841
1863,3,9.707594936708862,2.427848101265823,6.677215189873418,42.9,101.30106382978724
1863,4,12.406918238993711,3.90125786163522,2.8238993710691824,44.1,144.78936170212768
1863,5,15.365408805031446,6.3496855345911944,0.36477987421383645,41.9,176.2127659574468
1863,6,18.12264150943396,9.276100628930818,0.0,106.4,156.12659574468083
1863,7,19.333962264150944,11.09119496855346,0.0,6.7,131.352688172043
1863,8,18.925786163522012,10.831446540880503,0.006289308176100629,88.9,132.11182795698923
1863,9,16.67610062893082,9.010691823899371,0.018867924528301886,99.3,109.7808510638298
1863,10,13.09748427672956,6.350314465408806,1.1823899371069182,144.5,87.26595744680851
1863,11,9.50125786163522,3.4842767295597485,4.672955974842767,78.0,59.488297872340425
1863,12,7.528301886792453,2.1459119496855346,7.383647798742138,52.0,37.915217391304346
1864,1,7.120125786163522,1.6773584905660373,8.522012578616351,46.3,46.90105263157895
1864,2,7.8918238993710705,1.746540880503145,7.70440251572327,35.6,66.27157894736841
1864,3,9.707594936708862,2.427848101265823,6.677215189873418,58.6,101.30106382978724
1864,4,12.406918238993711,3.90125786163522,2.8238993710691824,50.2,144.78936170212768
1864,5,15.365408805031446,6.3496855345911944,0.36477987421383645,47.2,176.2127659574468
1864,6,18.12264150943396,9.276100628930818,0.0,57.8,156.12659574468083
1864,7,19.333962264150944,11.09119496855346,0.0,43.5,131.352688172043
1864,8,18.925786163522012,10.831446540880503,0.006289308176100629,56.4,132.11182795698923
1864,9,16.67610062893082,9.010691823899371,0.018867924528301886,71.6,109.7808510638298
1864,10,13.09748427672956,6.350314465408806,1.1823899371069182,63.2,87.26595744680851
1864,11,9.50125786163522,3.4842767295597485,4.672955974842767,144.1,59.488297872340425
1864,12,7.528301886792453,2.1459119496855346,7.383647798742138,53.9,37.915217391304346
1865,1,7.120125786163522,1.6773584905660373,8.522012578616351,73.9,46.90105263157895
1865,2,7.8918238993710705,1.746540880503145,7.70440251572327,114.3,66.27157894736841
1865,3,9.707594936708862,2.427848101265823,6.677215189873418,59.0,101.30106382978724
1865,4,14.8,5.5,0.0,25.7,144.78936170212768
1865,5,15.7,8.0,0.0,108.9,176.2127659574468
1865,6,21.0,11.6,0.0,16.0,156.12659574468083
1865,7,20.5,12.5,0.0,51.8,131.352688172043
1865,8,19.0,11.4,0.0,88.0,132.11182795698923
1865,9,20.4,11.6,0.0,12.4,109.7808510638298
1865,10,13.7,6.8,0.0,139.8,87.26595744680851
1865,11,9.6,3.1,2.0,52.3,59.488297872340425
1865,12,9.7,4.9,0.0,90.8,37.915217391304346
1866,1,8.2,2.5,4.0,110.4,46.90105263157895
1866,2,7.7,0.9,8.0,64.0,66.27157894736841
1866,3,8.3,1.7,12.0,66.6,101.30106382978724
1866,4,12.2,4.6,1.0,52.9,144.78936170212768
1866,5,15.0,5.7,0.0,40.2,176.2127659574468
1866,6,18.5,10.5,0.0,48.0,156.12659574468083
1866,7,19.9,12.0,0.0,62.4,131.352688172043
1866,8,17.9,10.6,0.0,92.5,132.11182795698923
1866,9,15.1,7.6,0.0,99.3,109.7808510638298
1866,10,13.5,7.2,0.0,56.0,87.26595744680851
1866,11,10.2,4.4,0.0,85.0,59.488297872340425
1866,12,9.5,3.4,3.0,80.9129411764706,37.915217391304346
1867,1,4.2,-2.2,18.0,121.0,46.90105263157895
1867,2,9.8,4.1,0.0,93.6,66.27157894736841
1867,3,7.0,0.5,13.0,56.1,101.30106382978724
1867,4,12.8,5.9,0.0,134.2,144.78936170212768
1867,5,15.4,7.5,0.0,107.6,176.2127659574468
1867,6,18.9,10.8,0.0,23.2,156.12659574468083
1867,7,19.6,11.0,0.0,108.4,131.352688172043
1867,8,19.9,12.2,0.0,68.1,132.11182795698923
1867,9,17.1,9.7,0.0,35.4,109.7808510638298
1867,10,12.8,6.6,0.0,125.2,87.26595744680851
1867,11,9.0,3.3,4.0,25.0,59.488297872340425
1867,12,7.8,2.4,9.0,55.6,37.915217391304346
1868,1,7.3,1.9,7.0,138.2,46.90105263157895
1868,2,9.9,3.5,3.0,96.8,66.27157894736841
1868,3,11.2,4.1,1.0,128.1,101.30106382978724
1868,4,14.1,5.6,0.0,76.7,144.78936170212768
1868,5,16.9,8.1,0.0,47.8,176.2127659574468
1868,6,19.9,10.7,0.0,28.8,156.12659574468083
1868,7,22.9,13.0,0.0,29.3,131.352688172043
1868,8,19.7,11.5,0.0,91.1,132.11182795698923
1868,9,17.1,9.7,0.0,53.8,109.7808510638298
1868,10,12.0,4.6,1.0,73.1,87.26595744680851
1868,11,7.9,2.2,6.0,111.7,59.488297872340425
1868,12,9.5,3.6,2.0,162.9,37.915217391304346
1869,1,8.5,4.1,2.0,91.6,46.90105263157895
1869,2,10.4,4.8,0.0,183.1,66.27157894736841
1869,3,8.1,1.1,10.0,66.0,101.30106382978724
1869,4,14.5,5.6,0.0,86.8,144.78936170212768
1869,5,12.6,5.0,0.0,71.3,176.2127659574468
1869,6,17.9,8.8,0.0,31.4,156.12659574468083
1869,7,22.5,12.6,0.0,46.0,131.352688172043
1869,8,19.7,11.0,0.0,43.8,132.11182795698923
1869,9,17.0,10.0,0.0,125.7,109.7808510638298
1869,10,14.2,7.6,0.0,51.0,87.26595744680851
1869,11,10.4,3.1,9.0,123.7,59.488297872340425
1869,12,6.2,-0.5,12.0,162.8,37.915217391304346
1870,1,6.9,1.0,11.0,92.1,46.90105263157895
1870,2,6.7,0.2,12.0,68.6,66.27157894736841
1870,3,10.2,2.4,7.0,36.2,101.30106382978724
1870,4,14.5,5.1,0.0,33.5,144.78936170212768
1870,5,16.0,7.4,0.0,60.1,176.2127659574468
1870,6,19.8,10.5,0.0,23.7,156.12659574468083
1870,7,21.6,12.7,0.0,41.3,131.352688172043
1870,8,21.6,11.1,0.0,51.9,132.11182795698923
1870,9,18.2,10.3,0.0,75.0,109.7808510638298
1870,10,13.1,5.7,1.0,226.4,87.26595744680851
1870,11,8.5,2.1,7.0,45.3,59.488297872340425
1870,12,4.7,-1.5,17.0,91.1,37.915217391304346
1871,1,5.1,-0.1,14.0,104.8,46.90105263157895
1871,2,10.2,4.8,0.0,88.5,66.27157894736841
1871,3,11.6,3.2,4.0,52.7,101.30106382978724
1871,4,13.2,5.3,1.0,86.0,144.78936170212768
1871,5,17.4,7.1,0.0,10.1,176.2127659574468
1871,6,18.5,10.0,0.0,44.3,156.12659574468083
1871,7,19.8,11.2,0.0,118.1,131.352688172043
1871,8,20.8,12.0,0.0,65.6,132.11182795698923
1871,9,16.0,8.3,0.0,102.1,109.7808510638298
1871,10,13.8,6.7,0.0,74.4,87.26595744680851
1871,11,8.4,2.5,5.0,50.3,59.488297872340425
1871,12,7.6,1.1,9.0,64.7,37.915217391304346
1872,1,7.9,1.5,8.0,150.4,46.90105263157895
1872,2,9.9,4.2,0.0,86.5,66.27157894736841
1872,3,10.6,3.6,4.0,67.5,101.30106382978724
1872,4,13.1,4.5,0.0,106.7,144.78936170212768
1872,5,14.4,6.2,0.0,55.5,176.2127659574468
1872,6,18.2,9.5,0.0,93.8,156.12659574468083
1872,7,21.3,12.7,0.0,64.2,131.352688172043
1872,8,19.8,11.9,0.0,65.1,132.11182795698923
1872,9,16.4,9.7,0.0,131.9,109.7808510638298
1872,10,11.8,4.5,1.0,133.5,87.26595744680851
1872,11,9.2,2.8,3.0,135.0,59.488297872340425
1872,12,7.4,2.0,11.0,158.9,37.915217391304346
1873,1,7.8,1.9,6.0,152.7,46.90105263157895
1873,2,6.2,-0.4,14.0,12.5,66.27157894736841
1873,3,9.2,2.1,6.0,53.8,101.30106382978724
1873,4,13.1,4.6,2.0,13.7,144.78936170212768
1873,5,15.3,6.1,0.0,49.0,176.2127659574468
1873,6,19.8,10.7,0.0,34.9,156.12659574468083
1873,7,20.5,12.5,0.0,134.1,131.352688172043
1873,8,18.6,11.6,0.0,123.6,132.11182795698923
1873,9,16.2,7.8,0.0,70.6,109.7808510638298
1873,10,11.9,4.5,5.0,79.8,87.26595744680851
1873,11,9.3,2.9,0.0,79.8,59.488297872340425
1873,12,9.9,4.1,3.0,36.4,37.915217391304346
1874,1,8.9,2.6,3.0,74.8,46.90105263157895
1874,2,9.0,2.4,3.0,55.0,66.27157894736841
1874,3,11.4,4.1,4.0,60.7,101.30106382978724
1874,4,14.8,5.5,0.0,55.3,144.78936170212768
1874,5,15.2,6.6,0.0,29.0,176.2127659574468
1874,6,20.0,9.5,0.0,28.9,156.12659574468083
1874,7,21.6,12.4,0.0,76.7,131.352688172043
1874,8,19.7,11.1,0.0,105.7,132.11182795698923
1874,9,16.2,9.5,0.0,79.0,109.7808510638298
1874,10,12.7,4.9,0.0,97.2,87.26595744680851
1874,11,10.4,4.4,1.0,81.7,59.488297872340425
1874,12,4.8,-1.6,21.0,77.3,37.915217391304346
1875,1,9.7,3.9,3.0,98.9,46.90105263157895
1875,2,7.3,1.1,6.0,43.7,66.27157894736841
1875,3,9.5,2.9,3.0,30.8,101.30106382978724
1875,4,14.7,4.5,0.0,8.4,144.78936170212768
1875,5,17.7,8.2,0.0,42.7,176.2127659574468
1875,6,18.6,9.5,0.0,83.4,156.12659574468083
1875,7,19.5,10.0,0.0,96.3,131.352688172043
1875,8,20.7,12.8,0.0,95.0,132.11182795698923
1875,9,18.3,11.1,0.0,128.1,109.7808510638298
1875,10,12.8,6.5,0.0,120.9,87.26595744680851
1875,11,8.6,2.6,8.0,100.8,59.488297872340425
1875,12,7.3,0.8,12.0,51.6,37.915217391304346
1876,1,8.3,2.3,8.0,33.4,46.90105263157895
1876,2,8.5,1.0,9.0,99.8,66.27157894736841
1876,3,8.3,0.2,14.0,90.3,101.30106382978724
1876,4,12.5,3.7,4.0,46.1,144.78936170212768
1876,5,15.7,6.2,0.0,12.0,176.2127659574468
1876,6,19.1,9.3,0.0,38.6,156.12659574468083
1876,7,21.8,11.5,0.0,52.3,131.352688172043
1876,8,20.5,11.1,0.0,66.1,132.11182795698923
1876,9,16.4,9.0,0.0,70.6,109.7808510638298
1876,10,14.2,8.7,0.0,98.6,87.26595744680851
1876,11,9.8,4.3,5.0,71.5,59.488297872340425
1876,12,9.1,3.3,6.0,178.3,37.915217391304346
1877,1,8.5,2.0,5.0,133.5,46.90105263157895
1877,2,9.4,2.8,3.0,76.8,66.27157894736841
1877,3,9.8,1.5,9.0,73.2,101.30106382978724
1877,4,10.7,3.8,0.0,81.4,144.78936170212768
1877,5,14.3,5.3,1.0,69.1,176.2127659574468
1877,6,19.7,10.3,0.0,78.0,156.12659574468083
1877,7,19.0,10.8,0.0,80.7,131.352688172043
1877,8,18.9,11.0,0.0,77.8,132.11182795698923
1877,9,16.0,7.6,0.0,47.8,109.7808510638298
1877,10,13.9,6.7,0.0,87.1,87.26595744680851
1877,11,10.0,3.3,2.0,95.9,59.488297872340425
1877,12,8.4,1.9,6.0,88.6,37.915217391304346
1878,1,8.5,2.3,6.0,90.6,46.90105263157895
1878,2,9.6,3.5,2.0,42.8,66.27157894736841
1878,3,10.2,2.9,8.0,38.3,101.30106382978724
1878,4,13.8,5.2,2.0,34.3,144.78936170212768
1878,5,16.3,7.9,0.0,105.8,176.2127659574468
1878,6,19.4,10.6,0.0,91.4,156.12659574468083
1878,7,21.5,12.2,0.0,4.3,131.352688172043
1878,8,20.6,12.5,0.0,72.5,132.11182795698923
1878,9,17.8,9.9,0.0,109.5,109.7808510638298
1878,10,13.9,7.4,0.0,75.5,87.26595744680851
1878,11,6.9,-0.3,16.0,42.8,59.488297872340425
1878,12,3.3,-4.2,27.0,47.1,37.915217391304346
1879,1,4.2,-2.0,21.0,45.0,46.90105263157895
1879,2,6.7,0.7,9.0,43.6,66.27157894736841
1879,3,8.6,1.0,10.0,52.2,101.30106382978724
1879,4,10.9,2.6,4.0,61.4,144.78936170212768
1879,5,14.4,4.8,0.0,87.6,176.2127659574468
1879,6,17.8,9.8,0.0,136.2,156.12659574468083
1879,7,17.7,10.6,0.0,133.2,131.352688172043
1879,8,18.7,10.5,0.0,81.1,132.11182795698923
1879,9,15.7,8.2,0.0,96.0,109.7808510638298
1879,10,12.4,5.5,1.0,38.5,87.26595744680851
1879,11,9.0,2.9,5.0,35.4,59.488297872340425
1879,12,5.4,-1.4,16.0,49.0,37.915217391304346
1880,1,6.8,1.3,9.0,35.0,46.90105263157895
1880,2,9.7,3.0,3.0,67.2,66.27157894736841
1880,3,11.3,3.2,2.0,48.9,101.30106382978724
1880,4,12.7,3.9,0.0,108.6,144.78936170212768
1880,5,16.1,6.5,0.0,27.2,176.2127659574468
1880,6,17.0,9.7,0.0,111.9,156.12659574468083
1880,7,17.1,10.9,0.0,149.1,131.352688172043
1880,8,19.6,13.1,0.0,27.7,132.11182795698923
1880,9,17.1,10.6,0.0,105.7,109.7808510638298
1880,10,9.4,3.4,4.0,28.4,87.26595744680851
1880,11,8.1,2.8,6.0,88.4,59.488297872340425
1880,12,6.9,2.2,12.0,64.2,37.915217391304346
1881,1,2.0,-3.3,20.0,10.3,46.90105263157895
1881,2,6.2,1.6,7.0,70.5,66.27157894736841
1881,3,8.3,2.2,12.0,81.6,101.30106382978724
1881,4,10.4,3.8,5.0,52.0,144.78936170212768
1881,5,15.6,7.4,0.0,52.3,176.2127659574468
1881,6,15.9,9.2,0.0,103.6,156.12659574468083
1881,7,17.9,11.0,0.0,64.4,131.352688172043
1881,8,16.0,9.8,0.0,106.8,132.11182795698923
1881,9,14.9,8.5,0.0,57.1,109.7808510638298
1881,10,10.8,5.1,3.0,56.7,87.26595744680851
1881,11,11.5,5.9,0.0,87.8,59.488297872340425
1881,12,6.2,1.2,9.0,74.6,37.915217391304346
1882,1,8.3,3.9,0.0,47.6,46.90105263157895
1882,2,9.5,4.7,0.0,47.4,66.27157894736841
1882,3,10.4,4.2,1.0,76.2,101.30106382978724
1882,4,11.1,4.0,1.0,93.8,144.78936170212768
1882,5,15.3,6.3,0.0,86.1,176.2127659574468
1882,6,16.2,8.9,0.0,77.3,156.12659574468083
1882,7,17.4,11.0,0.0,124.7,131.352688172043
1882,8,17.7,11.2,0.0,78.8,132.11182795698923
1882,9,14.0,7.6,0.0,78.3,109.7808510638298
1882,10,12.3,6.6,1.0,66.0,87.26595744680851
1882,11,7.9,1.9,6.0,114.0,59.488297872340425
1882,12,4.7,-0.1,11.0,87.2,37.915217391304346
1883,1,7.5,2.8,1.0,99.5,46.90105263157895
1883,2,7.9,2.9,2.0,102.2,66.27157894736841
1883,3,6.5,-0.2,17.0,32.4,101.30106382978724
1883,4,11.9,3.6,1.0,50.3,144.78936170212768
1883,5,14.0,6.0,0.0,53.2,176.2127659574468
1883,6,16.3,9.0,0.0,72.1,156.12659574468083
1883,7,16.6,9.8,0.0,51.5,131.352688172043
1883,8,17.5,11.1,0.0,58.7,132.11182795698923
1883,9,15.2,9.2,0.0,125.0,109.7808510638298
1883,10,12.3,6.2,0.0,78.7,87.26595744680851
1883,11,8.2,2.7,3.0,107.4,59.488297872340425
1883,12,7.7,2.6,4.0,54.5,37.915217391304346
1884,1,8.1,3.7,3.0,113.9,46.90105263157895
1884,2,7.4,2.4,2.0,88.0,66.27157894736841
1884,3,9.0,3.6,2.0,85.6,101.30106382978724
1884,4,11.2,3.2,2.0,42.6,144.78936170212768
1884,5,14.6,5.9,0.0,75.8,176.2127659574468
1884,6,17.4,8.9,0.0,21.3,156.12659574468083
1884,7,18.4,11.5,0.0,95.2,131.352688172043
1884,8,18.8,11.8,0.0,62.5,132.11182795698923
1884,9,16.8,9.5,0.0,71.5,109.7808510638298
1884,10,12.2,5.9,0.0,93.6,87.26595744680851
1884,11,8.2,4.6,0.0,51.1,59.488297872340425
1884,12,6.2,1.6,6.0,86.1,37.915217391304346
1885,1,6.5,1.5,6.0,54.9,46.90105263157895
1885,2,8.9,1.7,7.0,77.3,66.27157894736841
1885,3,8.5,0.2,16.0,43.5,101.30106382978724
1885,4,11.1,3.4,2.0,62.1,144.78936170212768
1885,5,12.6,3.9,1.0,38.0,176.2127659574468
1885,6,17.0,7.2,0.0,14.1,156.12659574468083
1885,7,19.8,10.2,0.0,48.5,131.352688172043
1885,8,18.5,9.0,0.0,49.5,132.11182795698923
1885,9,15.3,7.2,0.0,110.6,109.7808510638298
1885,10,10.1,3.5,3.0,74.2,87.26595744680851
1885,11,8.8,3.2,5.0,46.2,59.488297872340425
1885,12,6.9,1.8,11.0,36.0,37.915217391304346
1886,1,4.7,-0.8,18.0,107.9,46.90105263157895
1886,2,5.9,0.7,11.0,50.4,66.27157894736841
1886,3,7.5,1.3,16.0,61.6,101.30106382978724
1886,4,11.4,2.5,6.0,33.1,144.78936170212768
1886,5,13.6,5.1,0.0,90.0,176.2127659574468
1886,6,17.0,8.6,0.0,41.8,156.12659574468083
1886,7,18.4,10.3,0.0,76.3,131.352688172043
1886,8,18.5,10.4,0.0,63.0,132.11182795698923
1886,9,15.8,7.7,0.0,83.6,109.7808510638298
1886,10,13.1,7.0,0.0,120.5,87.26595744680851
1886,11,9.7,3.7,0.0,75.0,59.488297872340425
1886,12,4.6,1.1,10.0,106.1,37.915217391304346
1887,1,6.6,1.2,12.0,54.4,46.90105263157895
1887,2,8.5,1.6,8.0,34.1,66.27157894736841
1887,3,8.1,0.7,12.0,25.6,101.30106382978724
1887,4,10.8,1.1,12.0,37.1,144.78936170212768
1887,5,14.5,5.7,1.0,34.0,176.2127659574468
1887,6,21.5,10.3,0.0,16.9,156.12659574468083
1887,7,20.2,11.7,0.0,81.9,131.352688172043
1887,8,18.7,9.9,0.0,111.0,132.11182795698923
1887,9,15.2,6.8,0.0,43.8,109.7808510638298
1887,10,10.6,4.4,2.0,45.6,87.26595744680851
1887,11,7.4,1.5,7.0,57.3,59.488297872340425
1887,12,6.2,0.6,11.0,64.8,37.915217391304346
1888,1,8.0,2.2,8.0,38.2,46.90105263157895
1888,2,5.9,-0.1,17.0,7.4,66.27157894736841
1888,3,6.4,-0.5,18.0,77.0,101.30106382978724
1888,4,10.8,2.7,5.0,42.1,144.78936170212768
1888,5,15.1,5.2,0.0,55.3,176.2127659574468
1888,6,16.8,8.2,0.0,123.6,156.12659574468083
1888,7,16.8,9.4,0.0,110.7,131.352688172043
1888,8,17.5,9.1,0.0,64.8,132.11182795698923
1888,9,15.1,6.8,0.0,23.9,109.7808510638298
1888,10,12.4,5.0,2.0,30.5,87.26595744680851
1888,11,10.0,4.9,1.0,112.8,59.488297872340425
1888,12,8.3,2.6,7.0,59.6,37.915217391304346
1889,1,7.5,2.0,6.0,56.5,46.90105263157895
1889,2,7.0,0.4,11.0,37.5,66.27157894736841
1889,3,9.3,2.2,11.0,43.5,101.30106382978724
1889,4,10.0,3.6,0.0,80.9,144.78936170212768
1889,5,15.7,7.8,0.0,80.1,176.2127659574468
1889,6,19.1,8.7,0.0,6.2,156.12659574468083
1889,7,18.6,9.1,0.0,73.9,131.352688172043
1889,8,17.0,10.2,0.0,169.0,132.11182795698923
1889,9,16.0,9.0,0.0,53.6,109.7808510638298
1889,10,11.6,4.5,1.0,84.0,87.26595744680851
1889,11,9.9,4.5,5.0,35.1,59.488297872340425
1889,12,8.3,2.7,4.0,57.6,37.915217391304346
1890,1,8.8,2.6,5.0,77.4,46.90105263157895
1890,2,6.9,1.5,6.0,21.0,66.27157894736841
1890,3,9.9,2.7,8.0,65.8,101.30106382978724
1890,4,12.0,2.6,4.0,33.3,144.78936170212768
1890,5,15.2,6.9,0.0,35.1,176.2127659574468
1890,6,17.1,9.2,0.0,64.3,156.12659574468083
1890,7,17.6,9.3,0.0,58.2,131.352688172043
1890,8,17.1,8.4,0.0,86.9,132.11182795698923
1890,9,17.8,10.3,0.0,72.5,109.7808510638298
1890,10,13.5,6.6,0.0,60.7,87.26595744680851
1890,11,9.7,2.8,6.0,154.4,59.488297872340425
1890,12,5.1,0.2,13.0,39.8,37.915217391304346
1891,1,5.9,0.1,10.0,31.8,46.90105263157895
1891,2,10.1,2.2,6.0,5.5,66.27157894736841
1891,3,8.4,0.2,14.0,44.1,101.30106382978724
1891,4,9.8,1.7,6.0,55.3,144.78936170212768
1891,5,13.5,4.3,1.0,53.0,176.2127659574468
1891,6,18.9,9.7,0.0,67.8,156.12659574468083
1891,7,18.4,10.5,0.0,39.4,131.352688172043
1891,8,17.2,10.4,0.0,122.6,132.11182795698923
1891,9,17.2,9.4,0.0,41.5,109.7808510638298
1891,10,12.7,4.4,4.0,86.5,87.26595744680851
1891,11,8.2,2.3,4.0,67.0,59.488297872340425
1891,12,7.8,2.0,6.0,109.1,37.915217391304346
1892,1,5.4,-0.5,14.0,52.6,46.90105263157895
1892,2,6.7,1.4,10.0,27.5,66.27157894736841
1892,3,7.4,-1.0,21.0,18.4,101.30106382978724
1892,4,13.1,1.4,9.0,17.9,144.78936170212768
1892,5,15.3,6.4,1.0,129.7,176.2127659574468
1892,6,17.2,7.5,0.0,65.6,156.12659574468083
1892,7,17.3,9.3,0.0,67.9,131.352688172043
1892,8,17.7,10.2,0.0,196.1,132.11182795698923
1892,9,14.9,7.3,0.0,57.5,109.7808510638298
1892,10,10.3,2.4,6.0,59.3,87.26595744680851
1892,11,9.8,3.8,3.0,94.5,59.488297872340425
1892,12,5.6,0.4,15.0,38.7,37.915217391304346
1893,1,5.9,1.4,9.0,52.3,46.90105263157895
1893,2,7.6,1.8,7.0,59.9,66.27157894736841
1893,3,11.6,3.1,1.0,25.4,101.30106382978724
1893,4,14.8,4.4,2.0,26.0,144.78936170212768
1893,5,16.1,8.3,0.0,25.7,176.2127659574468
1893,6,19.6,9.8,0.0,40.6,156.12659574468083
1893,7,19.4,10.8,0.0,59.6,131.352688172043
1893,8,19.8,11.6,0.0,111.5,132.11182795698923
1893,9,16.1,7.8,0.0,36.0,109.7808510638298
1893,10,12.7,5.1,2.0,72.4,87.26595744680851
1893,11,8.2,1.8,10.0,36.8,59.488297872340425
1893,12,7.7,2.5,5.0,71.0,37.915217391304346
1894,1,6.2,0.7,11.0,119.3,46.90105263157895
1894,2,9.0,2.5,3.0,89.9,66.27157894736841
1894,3,11.1,1.9,5.0,44.8,101.30106382978724
1894,4,12.7,5.7,0.0,65.6,144.78936170212768
1894,5,12.6,3.8,4.0,65.8,176.2127659574468
1894,6,16.7,7.9,0.0,77.3,156.12659574468083
1894,7,18.7,10.5,0.0,86.5,131.352688172043
1894,8,16.7,10.0,0.0,59.2,132.11182795698923
1894,9,15.4,5.6,0.0,2.0,109.7808510638298
1894,10,12.4,5.0,5.0,112.3,87.26595744680851
1894,11,10.2,4.0,3.0,51.2,59.488297872340425
1894,12,8.1,2.6,6.0,69.0,37.915217391304346
1895,1,2.9,-2.5,21.0,53.2,46.90105263157895
1895,2,3.1,-4.2,22.0,9.7,66.27157894736841
1895,3,8.9,2.8,6.0,85.5,101.30106382978724
1895,4,11.8,3.6,4.0,29.1,144.78936170212768
1895,5,16.9,6.1,0.0,6.7,176.2127659574468
1895,6,20.0,8.0,0.0,56.9,156.12659574468083
1895,7,17.8,9.6,0.0,134.0,131.352688172043
1895,8,18.1,10.3,0.0,115.3,132.11182795698923
1895,9,19.0,9.8,0.0,30.6,109.7808510638298
1895,10,10.7,2.7,9.0,81.0,87.26595744680851
1895,11,9.5,3.4,5.0,76.6,59.488297872340425
1895,12,5.9,1.3,7.0,93.8,37.915217391304346
1896,1,8.0,3.1,5.0,41.6,46.90105263157895
1896,2,9.2,4.0,0.0,32.2,66.27157894736841
1896,3,9.8,2.6,1.0,73.2,101.30106382978724
1896,4,13.4,5.2,0.0,32.3,144.78936170212768
1896,5,17.6,6.7,1.0,15.8,176.2127659574468
1896,6,19.4,10.1,0.0,84.2,156.12659574468083
1896,7,18.3,10.0,0.0,172.7,131.352688172043
1896,8,17.4,8.6,0.0,41.4,132.11182795698923
1896,9,15.3,8.2,0.0,124.4,109.7808510638298
1896,10,9.8,2.3,7.0,55.9,87.26595744680851
1896,11,8.3,2.1,7.0,22.4,59.488297872340425
1896,12,6.6,0.7,8.0,86.8,37.915217391304346
1897,1,5.4,-1.3,18.0,38.0,46.90105263157895
1897,2,8.9,3.5,2.0,46.9,66.27157894736841
1897,3,9.3,2.6,6.0,103.3,101.30106382978724
1897,4,10.2,1.9,5.0,77.3,144.78936170212768
1897,5,14.2,4.4,0.0,50.6,176.2127659574468
1897,6,17.4,9.6,0.0,127.1,156.12659574468083
1897,7,20.0,10.5,0.0,48.8,131.352688172043
1897,8,18.5,10.4,0.0,144.7,132.11182795698923
1897,9,15.7,6.7,0.0,31.2,109.7808510638298
1897,10,13.5,6.5,0.0,57.6,87.26595744680851
1897,11,10.7,4.6,2.0,64.3,59.488297872340425
1897,12,8.4,2.2,7.0,108.7,37.915217391304346
1898,1,9.5,4.9,1.0,41.5,46.90105263157895
1898,2,7.7,1.2,8.0,81.2,66.27157894736841
1898,3,8.8,0.8,13.0,21.5,101.30106382978724
1898,4,12.9,4.3,1.0,74.6,144.78936170212768
1898,5,13.9,4.8,0.0,91.9,176.2127659574468
1898,6,17.3,8.3,0.0,67.7,156.12659574468083
1898,7,19.0,8.8,0.0,14.3,131.352688172043
1898,8,19.1,10.5,1.0,88.7,132.11182795698923
1898,9,18.2,10.5,0.0,111.6,109.7808510638298
1898,10,13.4,7.4,0.0,81.3,87.26595744680851
1898,11,9.5,3.8,4.0,64.6,59.488297872340425
1898,12,9.8,4.6,2.0,64.6,37.915217391304346
1899,1,6.9,0.8,11.0,67.1,46.90105263157895
1899,2,8.3,1.9,6.0,68.0,66.27157894736841
1899,3,10.3,1.8,11.0,44.5,101.30106382978724
1899,4,11.4,3.7,3.0,90.5,144.78936170212768
1899,5,14.1,5.0,0.0,96.1,176.2127659574468
1899,6,20.1,9.6,0.0,71.2,156.12659574468083
1899,7,19.1,11.9,0.0,40.3,131.352688172043
1899,8,21.5,11.7,0.0,54.3,132.11182795698923
1899,9,16.1,8.3,0.0,92.6,109.7808510638298
1899,10,13.9,5.0,1.0,43.0,87.26595744680851
1899,11,11.4,6.6,0.0,70.3,59.488297872340425
1899,12,6.4,1.5,8.0,92.6,37.915217391304346
1900,1,7.4,2.1,3.0,68.3,46.90105263157895
1900,2,5.4,-1.2,16.0,61.8,66.27157894736841
1900,3,7.2,0.8,11.0,17.6,101.30106382978724
1900,4,13.0,4.3,1.0,51.1,144.78936170212768
1900,5,14.4,5.9,0.0,67.6,176.2127659574468
1900,6,18.4,9.7,0.0,75.0,156.12659574468083
1900,7,19.9,11.9,0.0,81.0,131.352688172043
1900,8,18.0,10.0,0.0,115.6,132.11182795698923
1900,9,17.4,8.4,0.0,53.3,109.7808510638298
1900,10,12.5,5.0,0.0,93.0,87.26595744680851
1900,11,9.1,3.1,5.0,143.6,59.488297872340425
1900,12,9.4,4.4,0.0,94.9,37.915217391304346
1901,1,6.8,2.3,4.0,85.4,46.90105263157895
1901,2,6.3,0.1,11.0,32.2,66.27157894736841
1901,3,7.7,1.0,8.0,55.4,101.30106382978724
1901,4,12.8,3.5,0.0,72.8,144.78936170212768
1901,5,16.9,5.4,0.0,56.2,176.2127659574468
1901,6,17.0,8.6,0.0,48.2,156.12659574468083
1901,7,20.8,12.2,0.0,22.1,131.352688172043
1901,8,18.7,10.4,0.0,107.4,132.11182795698923
1901,9,16.3,9.6,0.0,83.0,109.7808510638298
1901,10,12.5,5.4,1.0,80.2,87.26595744680851
1901,11,9.2,3.7,5.0,98.6,59.488297872340425
1901,12,6.0,0.7,13.0,83.1,37.915217391304346
1902,1,6.9,2.1,11.0,49.9,46.90105263157895
1902,2,5.0,-0.5,11.0,67.9,66.27157894736841
1902,3,10.2,4.0,3.0,42.7,101.30106382978724
1902,4,11.9,3.1,5.0,59.5,144.78936170212768
1902,5,12.9,4.5,0.0,119.5,176.2127659574468
1902,6,16.1,8.9,0.0,41.6,156.12659574468083
1902,7,17.5,10.0,0.0,116.2,131.352688172043
1902,8,17.7,9.5,0.0,50.9,132.11182795698923
1902,9,16.8,9.0,0.0,75.9,109.7808510638298
1902,10,12.6,6.0,0.0,40.1,87.26595744680851
1902,11,10.0,4.5,1.0,72.4,59.488297872340425
1902,12,7.4,2.9,6.0,72.3,37.915217391304346
1903,1,6.5,1.2,8.0,119.2,46.90105263157895
1903,2,10.2,4.2,2.0,75.0,66.27157894736841
1903,3,9.6,2.4,1.0,104.7,101.30106382978724
1903,4,10.5,2.9,7.0,40.5,144.78936170212768
1903,5,14.6,6.3,0.0,67.7,176.2127659574468
1903,6,16.8,8.1,0.0,27.6,156.12659574468083
1903,7,18.3,10.4,0.0,84.3,131.352688172043
1903,8,17.3,9.4,0.0,104.8,132.11182795698923
1903,9,16.1,8.8,0.0,84.8,109.7808510638298
1903,10,12.4,6.7,0.0,95.7,87.26595744680851
1903,11,9.3,3.2,5.0,46.3,59.488297872340425
1903,12,6.0,1.5,6.0,60.0,37.915217391304346
1904,1,6.9,2.1,3.0,76.2,46.90105263157895
1904,2,6.0,0.9,9.0,78.6,66.27157894736841
1904,3,8.3,1.6,8.0,59.2,101.30106382978724
1904,4,12.3,4.3,0.0,54.5,144.78936170212768
1904,5,14.3,6.0,0.0,59.3,176.2127659574468
1904,6,17.6,8.9,0.0,36.9,156.12659574468083
1904,7,19.2,11.2,0.0,95.8,131.352688172043
1904,8,17.9,9.9,0.0,120.3,132.11182795698923
1904,9,16.0,8.1,0.0,72.2,109.7808510638298
1904,10,13.3,5.9,0.0,24.8,87.26595744680851
1904,11,9.1,3.6,7.0,58.1,59.488297872340425
1904,12,7.3,2.0,6.0,48.9,37.915217391304346
1905,1,7.6,3.2,1.0,59.8,46.90105263157895
1905,2,8.0,2.1,6.0,44.0,66.27157894736841
1905,3,10.1,2.3,2.0,90.6,101.30106382978724
1905,4,10.8,3.1,3.0,54.7,144.78936170212768
1905,5,16.0,6.0,0.0,41.7,176.2127659574468
1905,6,19.1,9.8,0.0,72.2,156.12659574468083
1905,7,20.2,11.6,0.0,44.3,131.352688172043
1905,8,17.5,9.9,0.0,167.5,132.11182795698923
1905,9,15.4,7.8,0.0,41.2,109.7808510638298
1905,10,11.3,3.8,6.0,40.3,87.26595744680851
1905,11,8.0,1.4,8.0,59.5,59.488297872340425
1905,12,8.9,4.8,1.0,48.4,37.915217391304346
1906,1,7.6,2.7,4.0,84.4,46.90105263157895
1906,2,6.6,-0.2,17.0,62.7,66.27157894736841
1906,3,9.1,1.7,8.0,42.5,101.30106382978724
1906,4,12.0,1.9,5.0,51.5,144.78936170212768
1906,5,13.3,5.8,0.0,95.5,176.2127659574468
1906,6,18.5,9.3,0.0,26.1,156.12659574468083
1906,7,19.0,9.9,0.0,50.1,131.352688172043
1906,8,19.8,12.0,0.0,89.7,132.11182795698923
1906,9,18.0,8.1,0.0,33.1,109.7808510638298
1906,10,13.0,5.6,2.0,108.8,87.26595744680851
1906,11,9.9,4.5,1.0,50.0,59.488297872340425
1906,12,6.4,1.8,7.0,71.8,37.915217391304346
1907,1,7.1,2.4,8.0,19.1,46.90105263157895
1907,2,6.6,0.5,14.0,49.3,66.27157894736841
1907,3,11.0,3.4,1.0,70.0,101.30106382978724
1907,4,11.2,3.2,3.0,64.1,144.78936170212768
1907,5,13.7,5.6,1.0,95.1,176.2127659574468
1907,6,15.2,7.8,0.0,111.4,156.12659574468083
1907,7,19.2,10.3,0.0,55.8,131.352688172043
1907,8,17.3,9.2,0.0,75.8,132.11182795698923
1907,9,17.6,9.3,0.0,20.7,109.7808510638298
1907,10,12.0,6.0,1.0,104.1,87.26595744680851
1907,11,8.9,2.7,5.0,63.1,59.488297872340425
1907,12,7.2,2.1,8.0,61.4,37.915217391304346
1908,1,6.9,1.3,9.0,61.6,46.90105263157895
1908,2,8.7,3.3,2.0,52.0,66.27157894736841
1908,3,8.5,1.3,8.0,102.2,101.30106382978724
1908,4,10.5,1.7,7.0,62.4,144.78936170212768
1908,5,16.2,7.6,0.0,59.7,176.2127659574468
1908,6,18.1,8.8,0.0,45.2,156.12659574468083
1908,7,19.2,11.1,0.0,96.1,131.352688172043
1908,8,18.1,9.8,0.0,60.4,132.11182795698923
1908,9,16.1,8.9,0.0,107.3,109.7808510638298
1908,10,15.3,8.5,1.0,46.2,87.26595744680851
1908,11,11.1,4.4,2.0,76.4,59.488297872340425
1908,12,8.2,2.7,5.0,69.9,37.915217391304346
1909,1,7.3,2.7,3.0,61.6,46.90105263157895
1909,2,7.7,2.3,5.0,35.5,66.27157894736841
1909,3,7.2,0.5,14.0,64.8,101.30106382978724
1909,4,12.6,4.0,0.0,78.1,144.78936170212768
1909,5,15.5,5.7,2.0,45.1,176.2127659574468
1909,6,16.4,7.5,0.0,53.9,156.12659574468083
1909,7,17.6,10.0,0.0,71.0,131.352688172043
1909,8,19.3,10.4,0.0,51.6,132.11182795698923
1909,9,15.7,7.2,0.0,47.0,109.7808510638298
1909,10,12.6,5.6,4.0,125.8,87.26595744680851
1909,11,8.4,0.4,13.0,23.3,59.488297872340425
1909,12,5.9,0.8,11.0,76.3,37.915217391304346
1910,1,6.4,1.1,11.0,65.1,46.90105263157895
1910,2,8.0,1.4,8.0,126.5,66.27157894736841
1910,3,9.9,2.8,2.0,28.6,101.30106382978724
1910,4,10.9,2.8,1.0,61.1,144.78936170212768
1910,5,15.1,6.1,0.0,51.8,176.2127659574468
1910,6,18.0,9.7,0.0,112.2,156.12659574468083
1910,7,18.7,9.8,0.0,79.8,131.352688172043
1910,8,18.3,10.9,0.0,106.1,132.11182795698923
1910,9,16.5,8.2,0.0,27.8,109.7808510638298
1910,10,13.4,6.9,0.0,34.1,87.26595744680851
1910,11,7.5,0.6,13.0,42.8,59.488297872340425
1910,12,8.2,3.5,3.0,92.0,37.915217391304346
1911,1,7.3,2.1,6.0,27.3,46.90105263157895
1911,2,8.1,1.4,5.0,75.8,66.27157894736841
1911,3,8.9,1.5,7.0,24.8,101.30106382978724
1911,4,11.6,3.4,3.0,62.3,144.78936170212768
1911,5,16.8,7.0,0.0,44.2,176.2127659574468
1911,6,18.0,8.1,0.0,39.2,156.12659574468083
1911,7,20.9,11.4,0.0,75.0,131.352688172043
1911,8,20.9,11.3,0.0,36.5,132.11182795698923
1911,9,17.1,8.1,0.0,38.7,109.7808510638298
1911,10,12.6,5.2,2.0,73.6,87.26595744680851
1911,11,8.3,2.4,4.0,72.9,59.488297872340425
1911,12,7.8,2.9,2.0,132.0,37.915217391304346
1912,1,6.6,1.5,11.0,93.4,46.90105263157895
1912,2,8.0,1.9,7.0,74.2,66.27157894736841
1912,3,10.4,3.6,0.0,84.8,101.30106382978724
1912,4,13.4,4.6,1.0,49.5,144.78936170212768
1912,5,15.5,6.4,0.0,35.5,176.2127659574468
1912,6,16.8,9.2,0.0,121.6,156.12659574468083
1912,7,18.0,9.3,0.0,70.5,131.352688172043
1912,8,15.5,7.6,0.0,152.9,132.11182795698923
1912,9,14.8,7.1,0.0,22.9,109.7808510638298
1912,10,12.1,4.3,5.0,28.8,87.26595744680851
1912,11,9.2,3.8,6.0,64.7,59.488297872340425
1912,12,9.1,3.0,3.0,111.7,37.915217391304346
1913,1,7.2,2.1,6.0,94.0,46.90105263157895
1913,2,8.2,2.5,1.0,25.8,66.27157894736841
1913,3,8.9,1.9,6.0,77.6,101.30106382978724
1913,4,11.7,3.6,0.0,84.9,144.78936170212768
1913,5,14.2,6.3,0.0,96.4,176.2127659574468
1913,6,16.8,8.5,0.0,101.4,156.12659574468083
1913,7,18.1,9.6,0.0,39.7,131.352688172043
1913,8,19.4,9.6,0.0,24.5,132.11182795698923
1913,9,16.9,9.1,0.0,105.4,109.7808510638298
1913,10,13.8,7.3,2.0,94.8,87.26595744680851
1913,11,10.9,4.7,0.0,74.9,59.488297872340425
1913,12,7.3,2.4,4.0,73.3,37.915217391304346
1914,1,6.9,2.2,6.0,35.0,46.90105263157895
1914,2,9.9,3.3,1.0,74.4,66.27157894736841
1914,3,9.4,1.8,9.0,102.7,101.30106382978724
1914,4,14.0,4.6,0.0,33.1,144.78936170212768
1914,5,14.8,6.0,1.0,33.9,176.2127659574468
1914,6,18.6,8.8,0.0,54.4,156.12659574468083
1914,7,19.1,11.1,0.0,54.3,131.352688172043
1914,8,19.9,10.8,0.0,77.5,132.11182795698923
1914,9,16.7,8.7,0.0,33.9,109.7808510638298
1914,10,13.7,6.8,1.0,39.0,87.26595744680851
1914,11,9.6,2.7,6.0,95.8,59.488297872340425
1914,12,5.3,0.2,12.0,181.5,37.915217391304346
1915,1,6.0,1.2,7.0,72.7,46.90105263157895
1915,2,7.0,0.1,11.0,90.3,66.27157894736841
1915,3,9.7,1.6,10.0,22.0,101.30106382978724
1915,4,12.5,4.4,0.0,54.2,144.78936170212768
1915,5,14.4,5.2,3.0,22.1,176.2127659574468
1915,6,18.4,8.5,0.0,43.9,156.12659574468083
1915,7,17.9,9.8,0.0,95.0,131.352688172043
1915,8,18.3,10.2,0.0,71.9,132.11182795698923
1915,9,17.1,8.9,0.0,37.4,109.7808510638298
1915,10,12.5,5.1,2.0,57.3,87.26595744680851
1915,11,6.7,0.3,11.0,43.7,59.488297872340425
1915,12,6.6,1.7,9.0,131.4,37.915217391304346
1916,1,10.1,4.7,0.0,75.5,46.90105263157895
1916,2,7.0,0.2,11.0,86.4,66.27157894736841
1916,3,6.6,0.5,16.0,34.2,101.30106382978724
1916,4,12.4,3.6,1.0,92.0,144.78936170212768
1916,5,14.3,6.0,0.0,147.9,176.2127659574468
1916,6,16.2,6.9,0.0,56.0,156.12659574468083
1916,7,19.0,10.8,0.0,41.6,131.352688172043
1916,8,20.4,11.6,0.0,84.5,132.11182795698923
1916,9,16.7,9.8,0.0,22.2,109.7808510638298
1916,10,13.0,7.2,0.0,138.3,87.26595744680851
1916,11,9.3,4.4,1.0,89.6,59.488297872340425
1916,12,5.4,0.4,15.0,61.1,37.915217391304346
1917,1,4.4,0.6,10.0,42.0,46.90105263157895
1917,2,6.5,-0.1,16.0,65.1,66.27157894736841
1917,3,8.0,1.4,9.0,69.1,101.30106382978724
1917,4,9.8,1.0,13.0,67.1,144.78936170212768
1917,5,15.7,7.0,0.0,76.1,176.2127659574468
1917,6,17.5,8.5,0.0,77.9,156.12659574468083
1917,7,20.1,10.7,0.0,63.4,131.352688172043
1917,8,19.0,11.1,0.0,116.3,132.11182795698923
1917,9,17.1,9.6,0.0,48.3,109.7808510638298
1917,10,10.6,3.7,3.0,107.0,87.26595744680851
1917,11,10.9,5.6,2.0,97.8,59.488297872340425
1917,12,6.4,0.8,12.0,49.3,37.915217391304346
1918,1,6.6,1.4,14.0,72.1,46.90105263157895
1918,2,9.3,4.8,2.0,95.5,66.27157894736841
1918,3,10.2,2.4,6.0,33.1,101.30106382978724
1918,4,11.6,2.6,4.0,28.2,144.78936170212768
1918,5,16.4,7.2,0.0,58.7,176.2127659574468
1918,6,18.0,8.6,0.0,25.7,156.12659574468083
1918,7,19.0,9.9,0.0,82.8,131.352688172043
1918,8,19.2,11.6,0.0,64.7,132.11182795698923
1918,9,13.8,6.6,0.0,138.4,109.7808510638298
1918,10,11.9,5.2,1.0,98.5,87.26595744680851
1918,11,9.4,2.6,5.0,105.5,59.488297872340425
1918,12,9.3,4.1,4.0,90.2,37.915217391304346
1919,1,5.9,1.4,7.0,104.6,46.90105263157895
1919,2,5.9,0.5,10.0,23.7,66.27157894736841
1919,3,7.5,-0.9,19.0,61.8,101.30106382978724
1919,4,12.3,3.5,5.0,30.9,144.78936170212768
1919,5,17.1,7.9,0.0,45.6,176.2127659574468
1919,6,17.2,8.4,0.0,52.0,156.12659574468083
1919,7,18.8,9.1,0.0,16.0,131.352688172043
1919,8,19.7,10.4,0.0,82.3,132.11182795698923
1919,9,16.3,7.6,0.0,80.4,109.7808510638298
1919,10,12.5,5.1,1.0,37.9,87.26595744680851
1919,11,6.4,-0.4,15.0,48.9,59.488297872340425
1919,12,8.0,2.3,3.0,155.8,37.915217391304346
1920,1,7.9,1.9,7.0,104.5,46.90105263157895
1920,2,9.5,3.5,3.0,64.1,66.27157894736841
1920,3,10.1,2.8,3.0,82.9,101.30106382978724
1920,4,10.9,3.6,3.0,76.6,144.78936170212768
1920,5,14.8,6.8,0.0,74.5,176.2127659574468
1920,6,17.8,9.5,0.0,63.1,156.12659574468083
1920,7,17.4,9.4,0.0,80.8,131.352688172043
1920,8,17.4,9.2,0.0,51.1,132.11182795698923
1920,9,16.6,8.9,0.0,60.0,109.7808510638298
1920,10,13.9,7.0,1.0,138.5,87.26595744680851
1920,11,11.1,5.4,2.0,70.3,59.488297872340425
1920,12,6.8,1.2,14.0,78.9,37.915217391304346
1921,1,9.9,4.4,2.0,110.6,46.90105263157895
1921,2,8.6,3.2,4.0,25.4,66.27157894736841
1921,3,10.0,3.0,4.0,62.7,101.30106382978724
1921,4,12.9,3.2,3.0,25.4,144.78936170212768
1921,5,14.7,5.5,1.0,53.8,176.2127659574468
1921,6,19.4,9.1,0.0,7.7,156.12659574468083
1921,7,22.0,12.2,0.0,92.4,131.352688172043
1921,8,17.3,10.1,0.0,92.1,132.11182795698923
1921,9,17.0,9.3,0.0,33.0,109.7808510638298
1921,10,15.3,8.7,0.0,72.7,87.26595744680851
1921,11,9.8,4.2,3.0,72.3,59.488297872340425
1921,12,9.6,4.7,2.0,84.8,37.915217391304346
1922,1,7.2,1.9,6.0,84.2,46.90105263157895
1922,2,8.3,2.6,1.0,69.7,66.27157894736841
1922,3,9.0,1.3,9.0,35.7,101.30106382978724
1922,4,9.7,0.2,13.0,79.7,144.78936170212768
1922,5,16.1,7.3,0.0,46.4,176.2127659574468
1922,6,16.8,8.4,0.0,55.2,156.12659574468083
1922,7,16.6,8.8,0.0,87.8,131.352688172043
1922,8,16.0,9.4,0.0,98.3,132.11182795698923
1922,9,15.0,7.9,0.0,70.1,109.7808510638298
1922,10,11.8,5.0,5.0,33.0,87.26595744680851
1922,11,9.6,4.5,4.0,31.1,59.488297872340425
1922,12,7.6,3.1,3.0,75.3,37.915217391304346
1923,1,8.9,3.6,2.0,65.3,46.90105263157895
1923,2,8.9,3.4,1.0,143.0,66.27157894736841
1923,3,10.3,3.4,1.0,37.8,101.30106382978724
1923,4,10.4,3.4,2.0,83.6,144.78936170212768
1923,5,12.5,4.2,0.0,36.2,176.2127659574468
1923,6,16.5,8.8,0.0,27.9,156.12659574468083
1923,7,19.6,11.9,0.0,50.7,131.352688172043
1923,8,17.5,10.2,0.0,122.6,132.11182795698923
1923,9,15.1,7.9,0.0,89.7,109.7808510638298
1923,10,12.5,6.0,0.0,89.9,87.26595744680851
1923,11,6.4,0.4,14.0,96.6,59.488297872340425
1923,12,7.4,2.4,6.0,76.9,37.915217391304346
1924,1,7.9,3.0,4.0,83.9,46.90105263157895
1924,2,7.4,1.8,7.0,29.4,66.27157894736841
1924,3,8.2,0.9,10.0,29.4,101.30106382978724
1924,4,10.9,2.0,11.0,65.7,144.78936170212768
1924,5,14.5,6.3,0.0,104.1,176.2127659574468
1924,6,16.9,9.5,0.0,61.2,156.12659574468083
1924,7,17.5,10.6,0.0,120.3,131.352688172043
1924,8,17.1,10.3,0.0,113.7,132.11182795698923
1924,9,15.1,8.3,0.0,132.1,109.7808510638298
1924,10,12.7,5.5,0.0,71.1,87.26595744680851
1924,11,10.3,4.8,3.0,67.1,59.488297872340425
1924,12,9.6,4.3,0.0,101.5,37.915217391304346
1925,1,8.2,3.3,1.0,57.3,46.90105263157895
1925,2,7.3,1.2,5.0,92.3,66.27157894736841
1925,3,9.1,2.0,8.0,31.2,101.30106382978724
1925,4,11.1,2.4,5.0,72.4,144.78936170212768
1925,5,13.4,6.2,0.0,117.3,176.2127659574468
1925,6,18.8,9.2,0.0,28.1,156.12659574468083
1925,7,19.2,11.6,0.0,96.9,131.352688172043
1925,8,19.0,10.4,0.0,43.6,132.11182795698923
1925,9,15.0,7.7,0.0,67.0,109.7808510638298
1925,10,13.5,6.9,0.0,63.2,87.26595744680851
1925,11,7.6,1.2,12.0,41.3,59.488297872340425
1925,12,6.3,0.7,12.0,64.3,37.915217391304346
1926,1,8.2,2.6,6.0,125.0,46.90105263157895
1926,2,9.2,3.9,3.0,57.0,66.27157894736841
1926,3,9.4,2.9,6.0,37.4,101.30106382978724
1926,4,13.4,5.2,0.0,46.9,144.78936170212768
1926,5,13.8,5.2,1.0,71.8,176.2127659574468
1926,6,17.2,8.6,0.0,68.8,156.12659574468083
1926,7,20.4,11.7,0.0,81.2,131.352688172043
1926,8,19.4,10.8,0.0,83.0,132.11182795698923
1926,9,17.2,9.3,0.0,47.3,109.7808510638298
1926,10,11.8,4.1,10.0,75.8,87.26595744680851
1926,11,8.6,2.4,4.0,79.8,59.488297872340425
1926,12,7.0,2.2,7.0,30.7,37.915217391304346
1927,1,7.6,2.1,6.0,87.3,46.90105263157895
1927,2,8.9,2.1,7.0,36.6,66.27157894736841
1927,3,10.2,3.4,4.0,60.2,101.30106382978724
1927,4,11.5,3.6,3.0,35.8,144.78936170212768
1927,5,15.4,5.6,0.0,41.0,176.2127659574468
1927,6,15.2,6.5,0.0,77.8,156.12659574468083
1927,7,18.9,11.2,0.0,67.5,131.352688172043
1927,8,18.6,11.1,0.0,115.5,132.11182795698923
1927,9,15.0,7.8,0.0,136.1,109.7808510638298
1927,10,14.0,6.5,1.0,58.9,87.26595744680851
1927,11,9.3,3.0,7.0,88.6,59.488297872340425
1927,12,5.6,1.3,10.0,47.4,37.915217391304346
1928,1,8.5,1.9,4.0,125.5,46.90105263157895
1928,2,9.1,3.1,0.0,101.7,66.27157894736841
1928,3,8.3,2.8,5.0,82.8,101.30106382978724
1928,4,11.8,3.6,4.0,47.9,144.78936170212768
1928,5,15.4,6.4,0.0,21.8,176.2127659574468
1928,6,15.9,7.9,0.0,110.3,156.12659574468083
1928,7,18.2,10.7,0.0,43.1,131.352688172043
1928,8,18.2,9.9,0.0,174.8,132.11182795698923
1928,9,15.9,7.6,0.0,55.7,109.7808510638298
1928,10,13.0,7.0,0.0,122.3,87.26595744680851
1928,11,10.2,3.6,5.0,109.8,59.488297872340425
1928,12,7.6,2.0,3.0,64.0,37.915217391304346
1929,1,5.5,0.5,13.0,33.2,27.4
1929,2,5.7,1.7,10.0,57.8,37.1
1929,3,12.6,0.9,14.0,32.5,170.4
1929,4,10.9,2.4,3.0,23.6,144.4
1929,5,15.4,5.8,0.0,71.5,192.5
1929,6,17.2,7.9,0.0,47.9,183.8
1929,7,19.3,10.4,0.0,65.5,130.0
1929,8,17.5,10.6,0.0,141.8,84.8
1929,9,17.9,9.9,0.0,38.1,134.6
1929,10,12.2,5.5,2.0,140.9,115.9
1929,11,9.6,3.2,5.0,90.6,49.8
1929,12,7.8,2.1,4.0,153.9,56.0
1930,1,7.3,1.3,8.0,104.5,44.0
1930,2,4.8,-1.1,18.0,22.5,71.9
1930,3,8.7,1.6,10.0,56.6,83.8
1930,4,11.8,4.0,2.0,40.2,153.1
1930,5,15.1,6.3,0.0,41.4,154.8
1930,6,19.1,8.9,0.0,39.7,237.6
1930,7,18.1,11.0,0.0,85.2,95.2
1930,8,17.5,10.6,0.0,150.7,106.6
1930,9,16.4,8.9,0.0,76.8,118.7
1930,10,12.6,6.7,0.0,138.1,70.9
1930,11,9.1,2.5,7.0,80.4,65.3
1930,12,7.5,2.6,4.0,66.9,30.2
1931,1,6.4,1.0,11.0,71.0,58.6
1931,2,7.6,1.1,7.0,69.0,53.3
1931,3,8.1,1.5,8.0,35.5,116.8
1931,4,11.6,3.8,1.0,87.8,116.0
1931,5,14.6,6.6,0.0,94.2,156.4
1931,6,17.2,9.8,0.0,131.2,123.3
1931,7,17.8,11.3,0.0,148.5,81.1
1931,8,17.8,9.8,0.0,52.8,158.9
1931,9,15.4,7.9,0.0,51.5,93.2
1931,10,12.8,4.9,5.0,53.6,108.3
1931,11,10.2,4.3,2.0,120.4,62.3
1931,12,8.8,4.7,2.0,64.9,19.1
1932,1,9.8,4.2,3.0,78.0,37.6
1932,2,7.7,1.0,11.0,3.3,73.7
1932,3,9.6,1.3,10.0,47.6,115.8
1932,4,10.8,2.0,4.0,63.4,155.5
1932,5,14.2,6.2,0.0,70.4,152.8
1932,6,19.6,9.1,0.0,21.9,198.1
1932,7,18.9,11.5,0.0,134.7,113.1
1932,8,18.8,11.0,0.0,66.2,104.7
1932,9,15.5,7.8,1.0,80.1,105.6
1932,10,12.0,4.7,1.0,72.8,107.2
1932,11,9.4,3.7,3.0,53.1,72.8
1932,12,8.4,3.4,3.0,125.9,46.6
1933,1,6.1,0.4,13.0,56.2,73.0
1933,2,7.4,1.2,12.0,73.4,57.0
1933,3,11.0,3.5,1.0,51.8,124.3
1933,4,13.2,5.2,3.0,22.2,121.3
1933,5,15.4,6.8,0.0,65.7,122.4
1933,6,19.0,10.1,0.0,55.9,167.3
1933,7,20.8,12.5,0.0,70.1,158.4
1933,8,20.2,11.5,0.0,39.7,148.8
1933,9,18.5,9.4,0.0,4.2,152.2
1933,10,13.2,6.7,0.0,52.1,65.5
1933,11,8.6,2.6,4.0,24.4,67.3
1933,12,6.5,1.7,10.0,42.3,31.9
1934,1,8.5,2.9,3.0,74.5,49.6
1934,2,8.4,2.4,6.0,7.0,64.8
1934,3,8.6,1.2,8.0,46.0,114.2
1934,4,10.6,2.7,4.0,66.9,113.3
1934,5,14.9,6.5,0.0,74.9,164.0
1934,6,19.2,9.8,0.0,36.9,192.5
1934,7,22.2,12.2,0.0,64.6,207.8
1934,8,17.6,10.1,0.0,141.0,114.0
1934,9,16.6,9.1,0.0,119.3,129.6
1934,10,12.3,6.3,1.0,117.5,70.2
1934,11,8.8,3.5,6.0,18.2,41.2
1934,12,10.0,6.0,0.0,120.5,28.7
1935,1,7.8,3.1,4.0,37.4,33.2
1935,2,8.8,2.5,7.0,85.4,76.6
1935,3,10.2,3.5,2.0,33.2,92.7
1935,4,12.1,3.8,0.0,56.2,162.1
1935,5,15.8,5.3,1.0,22.2,251.6
1935,6,17.6,9.7,0.0,104.6,151.2
1935,7,20.2,10.4,0.0,30.5,193.2
1935,8,19.5,10.7,0.0,73.7,135.2
1935,9,16.0,8.6,0.0,98.6,110.1
1935,10,12.6,5.8,1.0,88.6,81.0
1935,11,8.6,2.7,4.0,99.3,81.3
1935,12,5.4,0.4,12.0,60.6,49.2
1936,1,5.3,0.5,15.0,85.2,33.7
1936,2,6.6,0.8,10.0,46.4,74.4
1936,3,10.1,4.0,3.0,43.4,72.9
1936,4,11.0,1.9,12.0,15.6,169.6
1936,5,15.5,6.3,0.0,41.0,174.4
1936,6,18.6,9.2,0.0,111.0,189.0
1936,7,18.1,11.1,0.0,152.6,99.0
1936,8,19.9,11.5,0.0,46.3,152.7
1936,9,17.1,9.8,0.0,111.5,106.9
1936,10,13.4,5.9,2.0,73.0,92.1
1936,11,8.1,2.0,8.0,90.4,49.1
1936,12,8.3,2.8,2.0,81.3,39.2
1937,1,7.9,2.5,5.0,116.8,45.1
1937,2,7.9,1.8,5.0,86.2,69.1
1937,3,7.0,-0.1,17.0,58.2,107.0
1937,4,12.5,5.8,0.0,57.5,49.1
1937,5,16.6,7.1,0.0,27.6,197.7
1937,6,17.5,9.2,0.0,54.4,111.8
1937,7,19.0,10.9,0.0,83.1,93.2
1937,8,20.3,11.4,0.0,74.8,139.0
1937,9,16.4,8.5,0.0,60.0,106.6
1937,10,12.4,5.0,3.0,68.8,71.7
1937,11,9.3,3.7,4.0,32.7,49.5
1937,12,5.7,0.6,11.0,56.6,35.2
1938,1,8.3,2.5,3.0,98.2,25.9
1938,2,8.5,2.5,4.0,31.0,58.8
1938,3,12.7,6.2,1.0,25.6,87.6
1938,4,13.6,2.4,5.0,2.3,195.9
1938,5,14.3,5.8,1.0,97.8,140.6
1938,6,17.1,8.9,0.0,91.5,129.3
1938,7,17.9,10.4,0.0,121.8,96.4
1938,8,19.2,10.2,0.0,65.6,144.2
1938,9,17.2,9.8,0.0,55.5,91.1
1938,10,13.3,6.8,0.0,139.3,88.3
1938,11,11.0,6.1,0.0,103.2,54.9
1938,12,7.2,1.2,9.0,84.8,43.1
1939,1,6.0,0.4,14.0,76.7,58.3
1939,2,9.2,3.7,1.0,51.9,41.0
1939,3,10.1,3.0,2.0,77.4,99.2
1939,4,12.6,4.1,3.0,61.0,148.5
1939,5,16.1,6.5,0.0,30.6,170.1
1939,6,19.3,8.2,0.0,49.7,233.0
1939,7,18.5,10.8,0.0,113.2,95.8
1939,8,19.8,10.9,0.0,41.3,146.5
1939,9,16.9,9.0,0.0,45.8,86.1
1939,10,12.3,4.4,6.0,92.6,116.3
1939,11,11.1,5.3,0.0,125.9,51.5
1939,12,6.2,1.4,9.0,60.4,30.0
1940,1,4.3,-1.2,17.0,77.4,56.4
1940,2,7.3,2.2,5.0,71.7,38.8
1940,3,10.3,2.7,7.0,99.0,94.3
1940,4,12.7,5.1,2.0,75.2,108.1
1940,5,16.6,7.0,0.0,23.8,168.3
1940,6,21.4,10.0,0.0,40.8,256.0
1940,7,18.1,9.6,0.0,134.7,121.7
1940,8,19.7,10.7,0.0,13.8,115.6
1940,9,16.4,7.7,0.0,66.5,108.0
1940,10,12.4,6.6,1.0,109.0,59.1
1940,11,9.9,3.4,3.0,71.9,71.5
1940,12,7.1,1.2,8.0,91.6,26.3
1941,1,3.4,-1.5,17.0,41.8,42.8
1941,2,7.3,-0.2,15.0,75.1,89.9
1941,3,9.3,4.1,0.0,89.4,112.6
1941,4,9.7,4.1,2.0,42.1,113.5
1941,5,14.6,4.6,2.0,60.7,166.9
1941,6,18.8,9.6,0.0,15.7,139.3
1941,7,19.2,11.2,0.0,73.6,105.6
1941,8,18.5,10.0,0.0,101.7,141.1
1941,9,19.0,10.8,0.0,26.0,107.4
1941,10,14.4,6.8,2.0,91.3,97.3
1941,11,9.9,3.6,2.0,94.7,61.5
1941,12,8.8,3.8,3.0,39.3,29.1
1942,1,6.8,1.4,9.0,123.7,59.8
1942,2,6.0,-0.2,13.0,30.2,65.6
1942,3,9.7,2.8,7.0,75.0,80.2
1942,4,13.3,4.5,0.0,57.6,203.5
1942,5,15.5,6.1,0.0,81.0,212.0
1942,6,18.9,9.0,0.0,4.6,174.0
1942,7,18.9,10.5,0.0,113.4,141.0
1942,8,18.6,11.4,0.0,108.0,83.8
1942,9,16.0,9.2,1.0,105.8,114.2
1942,10,12.6,6.0,1.0,56.4,80.5
1942,11,9.3,2.0,7.0,13.4,68.5
1942,12,9.9,4.4,2.0,98.0,28.4
1943,1,8.1,3.2,4.0,99.4,62.8
1943,2,10.0,3.9,0.0,46.4,78.8
1943,3,10.6,3.8,1.0,29.7,114.7
1943,4,14.0,6.1,0.0,35.3,119.7
1943,5,15.7,5.8,1.0,85.6,217.3
1943,6,18.6,9.4,0.0,76.5,188.0
1943,7,20.4,10.7,0.0,66.2,196.5
1943,8,18.0,10.7,0.0,100.9,109.7
1943,9,16.0,8.7,0.0,52.0,97.2
1943,10,13.9,7.2,0.0,70.5,92.9
1943,11,9.7,3.4,4.0,57.3,54.4
1943,12,7.4,2.6,3.0,56.3,22.9
1944,1,9.2,4.3,1.0,54.7,30.9
1944,2,8.1,1.2,6.0,24.0,83.8
1944,3,10.8,1.6,10.0,20.3,114.3
1944,4,14.6,6.1,1.0,50.4,123.6
1944,5,15.8,6.6,0.0,41.6,148.4
1944,6,17.2,8.5,0.0,99.0,99.7
1944,7,19.1,12.1,0.0,66.3,84.5
1944,8,20.3,11.2,0.0,102.0,151.0
1944,9,15.9,7.9,0.0,105.4,111.7
1944,10,12.3,5.5,0.0,111.0,84.8
1944,11,9.1,3.0,5.0,120.2,46.3
1944,12,7.4,2.1,3.0,103.6,28.6
1945,1,4.2,-1.9,18.0,52.3,42.9
1945,2,10.7,4.6,2.0,67.9,58.8
1945,3,12.3,5.5,1.0,33.3,88.2
1945,4,14.3,5.5,1.0,39.5,166.8
1945,5,16.0,6.5,2.0,89.2,145.0
1945,6,17.7,9.7,0.0,106.2,134.4
1945,7,19.7,11.6,0.0,88.6,120.8
1945,8,20.3,10.9,0.0,42.2,143.6
1945,9,18.0,10.1,0.0,63.3,96.4
1945,10,14.8,7.8,0.0,84.9,78.9
1945,11,10.6,4.7,4.0,12.0,42.0
1945,12,9.3,4.0,2.0,63.2,37.915217391304346
1946,1,7.0,1.3,6.0,107.8,46.90105263157895
1946,2,8.9,3.3,6.0,54.8,66.27157894736841
1946,3,10.4,2.3,5.0,27.5,101.30106382978724
1946,4,14.0,4.0,2.0,21.6,144.78936170212768
1946,5,15.3,4.8,1.0,22.6,176.2127659574468
1946,6,17.2,8.6,0.0,78.3,156.12659574468083
1946,7,18.8,10.6,0.0,79.7,131.352688172043
1946,8,17.5,9.4,0.0,120.0,132.11182795698923
1946,9,16.3,9.8,0.0,149.3,109.7808510638298
1946,10,12.3,7.2,0.0,30.5,87.26595744680851
1946,11,10.2,4.4,3.0,113.8,59.488297872340425
1946,12,6.9,0.8,9.0,97.3,37.915217391304346
1947,1,6.2,0.9,8.0,56.3,40.9
1947,2,2.1,-2.1,23.0,26.6,46.1
1947,3,6.7,0.0,12.0,114.7,78.1
1947,4,12.2,4.0,3.0,91.4,121.6
1947,5,16.0,7.7,0.0,76.5,181.9
1947,6,18.1,10.1,0.0,95.0,143.9
1947,7,18.8,10.7,0.0,82.4,131.352688172043
1947,8,23.2,11.7,0.0,14.2,132.11182795698923
1947,9,17.5,9.3,0.0,68.2,101.5
1947,10,14.6,7.7,0.0,49.2,92.4
1947,11,10.3,3.9,8.0,101.6,79.7
1947,12,7.1,3.2,5.0,80.8,21.2
1948,1,6.6,1.3,8.0,170.8,40.1
1948,2,7.9,2.2,6.0,46.2,56.0
1948,3,13.2,4.3,1.0,66.0,122.6
1948,4,13.7,4.5,1.0,63.5,172.0
1948,5,16.3,5.0,2.0,58.2,222.3
1948,6,16.8,8.8,0.0,110.1,126.4
1948,7,19.1,10.5,0.0,62.0,149.5
1948,8,18.2,10.6,0.0,89.0,107.7
1948,9,16.5,9.4,0.0,66.6,97.6
1948,10,13.6,6.4,2.0,56.8,87.5
1948,11,11.5,5.0,4.0,67.2,75.8
1948,12,8.4,2.8,4.0,114.9,47.9
1949,1,9.3,3.1,5.0,61.2,43.8
1949,2,9.5,3.1,2.0,63.9,83.6
1949,3,10.5,2.6,6.0,53.5,122.1
1949,4,13.7,5.5,1.0,55.5,139.7
1949,5,15.7,5.6,0.0,48.2,208.5
1949,6,20.5,9.2,0.0,24.9,252.9
1949,7,20.0,11.8,0.0,69.3,121.9
1949,8,19.4,11.8,0.0,77.0,113.4
1949,9,18.8,10.4,0.0,62.7,153.1
1949,10,14.3,7.9,1.0,122.9,73.8
1949,11,9.9,3.6,3.0,61.5,70.1
1949,12,8.5,2.6,3.0,116.4,30.4
1950,1,8.4,3.3,5.0,43.3,41.4
1950,2,8.1,1.5,7.0,73.3,63.0
1950,3,11.9,3.9,2.0,27.5,125.6
1950,4,11.3,3.3,3.0,103.2,130.4
1950,5,16.1,6.6,0.0,21.6,199.0
1950,6,19.7,10.2,0.0,71.9,180.1
1950,7,18.8,11.1,0.0,120.8,146.2
1950,8,18.2,10.7,0.0,134.7,136.9
1950,9,15.5,8.3,0.0,139.2,106.5
1950,10,12.6,6.4,1.0,91.6,86.2
1950,11,8.2,1.3,7.0,67.0,74.8
1950,12,4.1,-0.8,16.0,67.8,34.8
1951,1,6.6,1.5,9.0,67.2,55.3
1951,2,6.5,-0.2,12.0,76.8,78.8
1951,3,7.9,1.1,8.0,70.7,90.3
1951,4,10.2,3.4,1.0,43.8,161.8
1951,5,13.8,4.9,0.0,38.1,196.7
1951,6,18.1,8.4,0.0,53.6,207.3
1951,7,18.8,11.6,0.0,85.1,112.0
1951,8,17.7,10.6,0.0,111.4,132.8
1951,9,16.7,10.0,0.0,50.8,93.7
1951,10,13.8,7.1,0.0,21.2,92.0
1951,11,10.4,4.7,2.0,139.2,45.4
1951,12,8.4,2.5,7.0,105.6,35.3
1952,1,5.5,-0.6,18.0,116.5,50.8
1952,2,7.5,1.0,15.0,25.6,57.3
1952,3,10.2,3.6,5.0,33.9,113.5
1952,4,13.5,5.1,1.0,38.7,145.3
1952,5,16.7,7.6,0.0,25.7,171.5
1952,6,17.2,9.0,0.0,56.4,145.1
1952,7,19.7,11.7,0.0,40.7,105.8
1952,8,18.6,10.7,0.0,42.1,108.4
1952,9,14.4,6.1,0.0,27.0,105.6
1952,10,12.6,5.5,2.0,44.4,121.3
1952,11,7.7,1.5,10.0,46.1,52.7
1952,12,6.4,0.8,12.0,85.4,37.915217391304346
1953,1,7.5,2.2,8.0,19.7,41.8
1953,2,8.9,2.8,8.0,34.2,51.1
1953,3,10.6,0.9,12.0,7.0,111.5
1953,4,11.4,1.9,3.0,30.4,154.7
1953,5,17.3,8.1,0.0,32.6,204.9
1953,6,18.1,9.2,0.0,34.3,158.5
1953,7,18.5,10.7,0.0,60.0,134.9
1953,8,18.9,10.8,0.0,33.8,130.1
1953,9,17.4,10.5,0.0,36.2,92.3
1953,10,13.5,6.7,0.0,33.4,83.7
1953,11,10.7,5.3,0.0,38.7,53.1
1953,12,9.7,4.5,3.0,50.9,31.8
1954,1,7.1,1.9,10.0,46.4,39.1
1954,2,6.9,1.5,6.0,54.2,41.4
1954,3,9.4,3.0,6.0,33.1,100.6
1954,4,12.8,3.0,3.0,14.0,170.7
1954,5,15.1,6.4,1.0,50.9,161.7
1954,6,16.5,8.8,0.0,32.4,114.2
1954,7,17.0,10.0,0.0,49.3,85.6
1954,8,17.5,9.7,0.0,37.9,116.5
1954,9,15.3,7.8,0.0,65.4,135.2
1954,10,14.2,7.5,1.0,60.2,60.5
1954,11,9.5,3.0,3.0,46.8,51.9
1954,12,9.2,4.5,1.0,48.8,23.9
1955,1,5.7,0.4,12.0,55.6,53.3
1955,2,5.1,-1.5,16.0,27.7,70.6
1955,3,8.8,-0.3,18.0,18.3,140.4
1955,4,14.6,4.7,1.0,70.3,173.8
1955,5,13.8,5.5,0.0,73.5,203.7
1955,6,16.4,9.1,0.0,107.5,103.3
1955,7,22.2,11.0,0.0,50.3,217.8
1955,8,21.7,12.5,0.0,27.4,132.9
1955,9,18.0,9.9,0.0,83.5,144.6
1955,10,13.0,5.1,2.0,37.7,101.7
1955,11,10.3,5.4,2.0,51.4,40.4
1955,12,8.8,3.0,4.0,102.9,30.1
1956,1,6.6,0.9,13.0,50.1,46.2
1956,2,5.7,-0.9,19.0,26.7,73.1
1956,3,10.4,3.8,2.0,67.1,114.6
1956,4,12.6,3.0,6.0,27.6,152.1
1956,5,16.1,7.0,1.0,33.1,170.1
1956,6,17.4,8.2,0.0,62.7,179.7
1956,7,18.8,11.1,0.0,95.5,133.8
1956,8,16.9,9.1,0.0,150.0,129.3
1956,9,16.2,10.0,0.0,84.5,74.1
1956,10,13.1,6.2,1.0,49.4,96.6
1956,11,9.9,4.6,1.0,58.0,40.6
1956,12,8.8,4.2,3.0,138.1,23.7
1957,1,8.5,1.8,9.0,114.4,57.9
1957,2,8.6,1.8,7.0,51.4,85.0
1957,3,12.2,6.5,1.0,62.3,62.7
1957,4,13.2,4.2,0.0,29.8,173.5
1957,5,15.2,5.8,1.0,61.8,187.9
1957,6,19.9,8.3,0.0,35.6,244.1
1957,7,18.3,11.6,0.0,93.8,65.0
1957,8,18.1,11.0,0.0,141.4,111.4
1957,9,15.2,8.3,0.0,98.3,88.9
1957,10,13.2,6.9,0.0,88.6,62.8
1957,11,9.4,3.8,5.0,25.2,55.7
1957,12,8.2,2.7,3.0,109.3,48.9
1958,1,7.0,1.5,9.0,86.4,57.2
1958,2,8.3,2.1,8.0,99.3,59.8
1958,3,7.4,0.9,13.0,35.1,100.9
1958,4,11.9,3.9,4.0,30.6,133.3
1958,5,14.6,5.3,0.0,67.2,193.6
1958,6,17.0,9.3,0.0,137.5,121.5
1958,7,19.2,11.3,0.0,138.2,144.4
1958,8,18.3,11.2,0.0,99.1,108.4
1958,9,18.0,11.0,0.0,74.2,102.3
1958,10,13.7,7.6,0.0,99.5,86.6
1958,11,10.6,5.2,1.0,42.4,48.1
1958,12,7.2,1.7,5.0,131.4,35.8
1959,1,5.5,-1.0,19.0,55.9,82.7
1959,2,9.2,2.2,8.0,25.9,56.9
1959,3,11.4,4.3,0.0,59.5,119.3
1959,4,13.2,4.4,0.0,73.8,157.2
1959,5,17.9,6.7,1.0,33.6,229.1
1959,6,19.5,9.5,0.0,50.5,223.4
1959,7,20.4,11.7,0.0,84.2,143.1
1959,8,20.4,11.8,0.0,26.1,141.7
1959,9,19.2,8.7,0.0,40.4,140.5
1959,10,15.8,8.8,0.0,99.8,104.1
1959,11,10.0,3.5,2.0,81.9,73.3
1959,12,8.5,2.5,2.0,116.0,41.0
1960,1,7.6,1.0,15.0,79.4,42.8
1960,2,7.4,0.1,17.0,78.1,105.4
1960,3,9.4,4.0,0.0,51.6,66.0
1960,4,14.1,4.9,0.0,64.1,159.7
1960,5,17.7,7.9,0.0,85.0,196.2
1960,6,19.7,10.2,0.0,72.6,225.3
1960,7,18.4,10.6,0.0,98.5,143.9
1960,8,18.4,10.0,0.0,97.9,144.8
1960,9,16.5,8.5,0.0,83.8,119.7
1960,10,13.0,6.7,0.0,129.3,62.2
1960,11,9.9,3.6,3.0,84.6,60.4
1960,12,5.9,-0.2,13.0,77.5,65.0
1961,1,7.1,0.5,8.0,91.3,54.4
1961,2,10.4,4.4,2.0,78.1,67.3
1961,3,12.6,5.6,0.0,27.8,86.0
1961,4,13.1,5.1,2.0,131.8,108.2
1961,5,15.2,6.3,0.0,77.0,178.4
1961,6,17.7,9.2,0.0,41.5,143.1
1961,7,17.9,9.9,0.0,47.8,89.8
1961,8,18.5,10.2,0.0,64.3,137.1
1961,9,17.4,9.5,0.0,93.6,116.3
1961,10,13.3,6.7,0.0,101.3,104.3
1961,11,9.3,3.2,3.0,58.2,63.7
1961,12,5.7,-0.4,19.0,63.6,34.2
1962,1,7.8,1.0,7.0,77.1,52.2
1962,2,8.4,2.2,5.0,36.0,63.9
1962,3,7.9,-0.7,16.0,54.8,126.4
1962,4,12.8,3.1,4.0,51.7,194.9
1962,5,15.3,5.5,0.0,72.2,211.6
1962,6,17.6,8.0,0.0,33.5,174.5
1962,7,18.0,10.1,0.0,52.3,103.5
1962,8,18.0,9.6,0.0,83.3,154.9
1962,9,15.1,8.3,0.0,166.0,70.9
1962,10,13.9,7.0,0.0,41.7,91.4
1962,11,8.8,3.5,3.0,49.6,39.7
1962,12,7.2,1.2,9.0,88.8,36.1
1963,1,2.3,-2.8,27.0,39.1,59.7
1963,2,4.3,-1.9,23.0,63.0,71.8
1963,3,10.9,2.7,8.0,90.9,119.5
1963,4,12.4,4.1,1.0,71.4,133.2
1963,5,14.5,5.4,0.0,71.0,182.0
1963,6,18.5,9.4,0.0,120.8,164.0
1963,7,18.4,10.0,0.0,38.2,168.0
1963,8,17.6,10.3,0.0,103.0,112.4
1963,9,16.3,8.5,0.0,58.4,129.5
1963,10,14.2,7.8,0.0,100.2,75.2
1963,11,10.0,3.7,5.0,139.1,48.9
1963,12,6.2,1.0,11.0,19.4,51.3
1964,1,7.9,2.9,1.0,48.6,27.3
1964,2,7.9,2.4,9.0,31.3,64.2
1964,3,8.5,2.2,8.0,65.8,69.5
1964,4,12.8,5.0,1.0,52.7,121.2
1964,5,16.5,8.1,0.0,46.9,169.8
1964,6,17.0,9.5,0.0,56.0,126.3
1964,7,19.1,11.2,0.0,42.0,110.6
1964,8,18.6,10.5,0.0,96.6,146.5
1964,9,17.5,9.3,0.0,61.8,128.3
1964,10,12.5,5.6,0.0,132.9,67.5
1964,11,10.3,3.5,6.0,59.7,67.3
1964,12,6.9,0.8,10.0,89.1,41.8
1965,1,6.0,0.1,13.0,112.6,62.2
1965,2,6.7,0.7,11.0,7.7,44.9
1965,3,9.5,1.8,6.0,62.5,117.1
1965,4,12.6,3.9,1.0,74.6,153.6
1965,5,15.4,7.3,1.0,56.0,137.3
1965,6,18.3,9.7,0.0,86.4,135.4
1965,7,17.5,9.2,0.0,65.3,125.3
1965,8,17.8,10.2,0.0,89.1,124.6
1965,9,15.5,7.9,0.0,68.2,70.8
1965,10,14.2,7.4,0.0,59.0,75.5
1965,11,7.3,1.7,10.0,118.5,70.8
1965,12,7.6,1.4,6.0,96.8,52.3
1966,1,6.2,1.9,10.0,69.5,29.5
1966,2,7.8,3.6,0.0,116.5,41.2
1966,3,11.6,3.9,1.0,60.7,124.8
1966,4,9.9,3.7,4.0,101.5,88.9
1966,5,15.9,6.3,0.0,69.4,219.5
1966,6,18.9,11.1,0.0,103.1,140.3
1966,7,19.0,10.2,0.0,35.9,164.1
1966,8,17.9,9.7,0.0,67.5,128.2
1966,9,17.7,10.1,0.0,68.6,106.1
1966,10,12.8,5.4,1.0,144.1,103.6
1966,11,8.0,1.7,8.0,84.9,63.0
1966,12,8.2,2.3,4.0,111.4,40.5
1967,1,7.6,2.4,7.0,51.3,50.3
1967,2,8.8,2.4,2.0,72.1,83.9
1967,3,10.1,3.3,3.0,62.6,115.1
1967,4,13.4,4.1,1.0,42.0,140.3
1967,5,13.8,5.3,2.0,108.9,140.5
1967,6,18.5,9.0,0.0,28.8,165.9
1967,7,19.6,11.1,0.0,93.7,97.6
1967,8,18.7,10.5,0.0,83.5,127.2
1967,9,17.0,9.1,0.0,115.6,120.9
1967,10,12.9,5.9,0.0,124.1,88.0
1967,11,9.3,2.0,7.0,54.1,75.0
1967,12,7.1,1.9,11.0,67.8,41.1
1968,1,7.8,2.5,7.0,87.3,33.6
1968,2,5.8,-1.4,22.0,34.0,92.6
1968,3,10.4,2.3,3.0,57.2,100.7
1968,4,12.4,3.4,9.0,56.8,151.7
1968,5,14.0,4.8,3.0,52.8,156.8
1968,6,19.5,9.1,0.0,66.3,215.5
1968,7,19.1,9.9,0.0,23.9,127.6
1968,8,20.4,10.1,0.0,53.8,177.9
1968,9,17.0,9.1,0.0,87.2,108.3
1968,10,15.0,9.3,0.0,94.4,59.0
1968,11,9.5,4.1,4.0,94.0,46.9
1968,12,6.7,1.3,14.0,69.1,32.7
1969,1,7.1,2.2,8.0,110.5,29.4
1969,2,4.2,-1.8,16.0,59.2,65.9
1969,3,7.3,0.3,13.0,33.3,82.8
1969,4,12.7,2.3,8.0,64.6,184.8
1969,5,14.8,6.4,0.0,102.2,128.8
1969,6,18.3,8.3,0.0,60.4,190.0
1969,7,20.2,11.4,0.0,33.8,165.9
1969,8,19.3,11.6,0.0,54.3,135.3
1969,9,17.0,9.5,0.0,21.5,77.2
1969,10,16.1,9.2,0.0,37.2,64.8
1969,11,7.2,0.9,15.0,128.3,61.5
1969,12,6.8,1.6,9.0,75.2,31.7
1970,1,6.5,1.0,11.0,76.1,24.7
1970,2,5.8,-0.3,16.0,103.7,81.3
1970,3,8.6,1.0,13.0,57.2,105.8
1970,4,11.2,2.7,9.0,67.1,126.7
1970,5,16.9,8.4,0.0,37.9,109.2
1970,6,20.5,11.1,0.0,56.7,184.0
1970,7,18.3,10.0,0.0,94.8,90.0
1970,8,20.0,10.5,0.0,102.2,132.9
1970,9,17.0,9.4,0.0,76.4,79.6
1970,10,13.3,7.4,0.0,80.0,59.0
1970,11,9.4,3.9,3.0,98.0,62.7
1970,12,7.1,1.9,8.0,33.0,50.3
1971,1,7.5,2.4,6.0,47.8,54.2
1971,2,8.4,2.6,5.0,54.3,55.2
1971,3,9.8,1.9,7.0,28.8,76.2
1971,4,12.1,3.9,2.0,82.9,116.6
1971,5,15.6,6.3,0.0,49.9,162.6
1971,6,16.3,7.7,0.0,99.6,125.8
1971,7,20.6,11.0,0.0,54.4,166.4
1971,8,18.2,10.8,0.0,108.3,100.1
1971,9,18.9,8.9,0.0,31.9,141.1
1971,10,14.7,8.2,2.0,37.7,87.6
1971,11,9.7,3.4,8.0,81.4,49.5
1971,12,9.1,4.2,6.0,17.0,26.4
1972,1,6.4,0.6,10.0,109.6,38.2
1972,2,7.5,1.1,7.0,54.6,69.8
1972,3,10.0,1.6,9.0,82.4,110.3
1972,4,13.0,3.8,2.0,58.2,129.7
1972,5,14.2,5.8,0.0,85.1,130.0
1972,6,15.6,6.6,0.0,63.5,139.8
1972,7,19.7,10.2,0.0,56.4,147.1
1972,8,17.8,9.3,0.0,37.6,96.0
1972,9,16.4,6.4,0.0,9.8,121.9
1972,10,13.5,6.6,0.0,42.5,84.8
1972,11,8.3,2.3,10.0,82.6,58.0
1972,12,8.8,2.6,9.0,69.8,48.3
1973,1,7.6,2.8,6.0,93.8,24.5
1973,2,7.1,1.5,11.0,63.1,64.6
1973,3,10.3,2.1,8.0,27.6,94.3
1973,4,11.5,3.0,5.0,52.8,123.8
1973,5,15.0,6.3,0.0,59.8,133.5
1973,6,19.1,9.7,0.0,26.1,157.9
1973,7,19.2,11.3,0.0,72.3,108.6
1973,8,19.7,10.8,0.0,78.7,124.9
1973,9,17.1,9.1,0.0,52.1,106.4
1973,10,12.1,5.5,4.0,57.3,79.1
1973,11,8.9,2.9,8.0,75.0,44.5
1973,12,7.8,2.1,6.0,67.8,41.5
1974,1,8.7,3.4,3.0,117.1,36.7
1974,2,7.9,2.4,6.0,60.2,59.6
1974,3,9.2,2.1,5.0,31.8,92.7
1974,4,13.8,3.0,2.0,38.0,198.1
1974,5,14.1,6.5,0.0,86.7,130.4
1974,6,17.1,8.2,0.0,49.8,154.4
1974,7,17.5,10.3,0.0,97.8,116.7
1974,8,18.7,10.2,0.0,57.6,155.7
1974,9,14.5,7.4,1.0,99.3,104.1
1974,10,10.7,4.3,1.0,43.7,81.6
1974,11,8.2,2.2,5.0,71.6,78.2
1974,12,9.6,4.4,2.0,90.1,30.5
1975,1,8.5,3.4,4.0,110.3,50.5
1975,2,8.1,2.1,6.0,19.9,74.0
1975,3,8.7,1.4,10.0,41.5,121.2
1975,4,12.9,4.5,5.0,38.9,139.1
1975,5,15.5,4.7,1.0,15.4,239.3
1975,6,19.7,8.4,0.0,15.0,213.1
1975,7,20.8,11.8,0.0,34.3,126.8
1975,8,21.6,12.0,0.0,47.6,148.1
1975,9,15.8,8.4,0.0,143.5,111.4
1975,10,13.4,7.6,2.0,60.4,79.3
1975,11,9.4,3.3,4.0,41.1,56.3
1975,12,7.9,3.0,6.0,18.0,25.9
1976,1,7.7,3.4,6.0,79.1,32.7
1976,2,7.6,2.1,8.0,40.3,44.0
1976,3,8.7,2.4,5.0,55.6,67.9
1976,4,13.0,4.4,2.0,17.4,149.1
1976,5,14.8,6.6,0.0,102.1,110.4
1976,6,20.2,11.1,0.0,53.2,174.4
1976,7,20.5,12.4,0.0,53.2,122.3
1976,8,22.4,10.3,0.0,13.8,237.6
1976,9,15.9,8.6,0.0,85.2,86.7
1976,10,11.9,5.7,0.0,135.6,74.7
1976,11,8.2,2.8,6.0,30.7,71.5
1976,12,3.9,-0.4,17.0,82.2,24.3
1977,1,4.9,-0.2,17.0,89.4,50.3
1977,2,6.7,1.4,6.0,116.3,40.0
1977,3,9.9,3.8,2.0,64.6,77.0
1977,4,11.0,3.5,5.0,50.5,137.8
1977,5,15.2,4.6,2.0,20.0,226.2
1977,6,17.5,7.5,0.0,54.0,170.3
1977,7,20.4,11.6,0.0,21.8,174.8
1977,8,19.2,9.7,0.0,97.9,173.7
1977,9,15.8,8.7,0.0,47.2,93.2
1977,10,14.2,8.7,0.0,66.0,79.0
1977,11,7.0,1.2,10.0,91.5,58.1
1977,12,8.2,3.8,3.0,69.4,20.0
1978,1,5.7,0.8,11.0,77.4,64.7
1978,2,5.9,0.4,12.0,47.2,61.7
1978,3,9.5,2.8,6.0,85.4,100.6
1978,4,10.6,2.9,4.0,26.3,109.1
1978,5,16.7,6.5,0.0,28.6,163.8
1978,6,16.9,8.8,0.0,42.4,123.5
1978,7,18.1,10.5,0.0,55.8,121.9
1978,8,17.8,11.0,0.0,50.9,73.0
1978,9,16.6,10.2,0.0,72.2,88.6
1978,10,14.2,9.2,0.0,44.3,88.4
1978,11,10.8,5.3,4.0,77.2,54.4
1978,12,6.4,2.0,9.0,166.0,42.8
1979,1,3.7,-2.3,23.0,61.8,55.7
1979,2,4.8,-0.3,16.0,19.2,58.5
1979,3,7.6,0.7,14.0,72.3,103.5
1979,4,10.8,3.4,2.0,73.7,121.7
1979,5,13.1,4.5,4.0,99.4,153.9
1979,6,17.7,9.2,0.0,52.7,134.4
1979,7,19.1,11.3,0.0,34.7,107.2
1979,8,18.0,9.7,0.0,107.9,123.0
1979,9,15.9,8.5,0.0,40.8,101.2
1979,10,13.5,7.7,1.0,112.4,89.4
1979,11,9.7,3.3,7.0,98.7,62.4
1979,12,6.6,2.0,10.0,91.7,45.0
1980,1,5.2,-0.4,19.0,75.0,41.7
1980,2,8.1,2.0,8.0,72.9,53.8
1980,3,8.2,1.1,10.0,101.5,95.2
1980,4,13.7,4.3,0.0,14.0,128.1
1980,5,16.2,6.4,0.0,34.2,220.1
1980,6,16.7,9.1,0.0,96.8,88.7
1980,7,17.4,10.1,0.0,50.4,96.9
1980,8,19.2,10.9,0.0,59.6,96.2
1980,9,17.0,10.7,0.0,70.3,92.5
1980,10,11.8,5.4,0.0,112.0,81.0
1980,11,9.2,4.0,6.0,61.7,52.2
1980,12,8.1,2.3,7.0,99.9,23.9
1981,1,7.9,2.6,6.0,50.9,37.1
1981,2,6.9,1.5,7.0,47.3,59.6
1981,3,10.9,4.0,0.0,108.0,76.3
1981,4,12.8,3.8,3.0,47.7,152.5
1981,5,15.0,6.6,1.0,97.8,126.8
1981,6,16.9,8.8,0.0,85.0,109.9
1981,7,18.3,11.1,0.0,63.8,95.9
1981,8,20.0,11.1,0.0,35.9,110.0
1981,9,17.0,10.0,0.0,136.8,110.3
1981,10,10.4,3.4,2.0,110.6,92.5
1981,11,10.1,3.9,3.0,70.1,48.2
1981,12,4.0,-1.1,16.0,69.2,17.8
1982,1,6.3,0.9,14.0,79.9,42.3
1982,2,8.1,2.0,9.0,65.7,61.2
1982,3,10.1,2.1,5.0,101.6,134.5
1982,4,14.1,4.5,2.0,9.0,141.5
1982,5,15.7,6.0,3.0,30.7,170.1
1982,6,18.6,10.2,0.0,80.0,132.6
1982,7,20.7,11.1,0.0,15.1,155.9
1982,8,18.9,10.5,0.0,64.1,122.9
1982,9,16.6,9.3,0.0,69.3,108.8
1982,10,12.8,5.9,0.0,101.4,77.0
1982,11,8.7,3.3,2.0,131.0,41.3
1982,12,6.9,1.2,13.0,114.3,41.5
1983,1,8.4,2.8,4.0,76.5,40.5
1983,2,5.5,0.0,13.0,34.4,67.5
1983,3,10.1,3.9,2.0,79.6,54.5
1983,4,10.7,1.7,11.0,60.1,147.6
1983,5,13.8,6.0,0.0,67.0,117.1
1983,6,17.4,9.6,0.0,40.2,114.0
1983,7,23.3,12.6,0.0,15.1,177.1
1983,8,21.4,12.5,0.0,32.5,117.1
1983,9,16.2,9.5,0.0,67.6,67.1
1983,10,13.0,6.7,2.0,92.4,79.7
1983,11,10.1,4.1,6.0,28.4,27.5
1983,12,8.8,4.0,6.0,111.3,29.8
1984,1,5.2,-0.4,15.0,127.9,38.7
1984,2,7.3,1.5,8.0,94.7,42.1
1984,3,8.2,1.8,5.0,65.5,71.3
1984,4,13.3,3.8,4.0,13.9,158.4
1984,5,15.9,4.1,0.0,20.3,214.1
1984,6,18.8,10.2,0.0,47.4,132.3
1984,7,21.0,11.0,0.0,49.9,173.0
1984,8,21.1,11.7,0.0,87.2,141.5
1984,9,15.9,8.8,0.0,78.8,96.5
1984,10,13.3,6.1,2.0,79.7,87.7
1984,11,8.7,2.9,5.0,90.8,48.4
1984,12,8.0,2.4,7.0,81.6,28.4
1985,1,3.2,-2.2,25.0,46.8,52.5
1985,2,6.5,1.0,14.0,23.5,69.6
1985,3,8.4,1.4,8.0,57.6,85.1
1985,4,12.7,4.8,2.0,50.5,126.5
1985,5,14.6,6.0,0.0,63.2,145.4
1985,6,17.1,7.7,0.0,55.1,154.3
1985,7,18.8,11.2,0.0,99.4,89.6
1985,8,16.9,10.0,0.0,136.8,98.3
1985,9,17.6,10.2,0.0,88.3,79.7
1985,10,13.8,7.3,0.0,42.7,71.2
1985,11,7.9,-0.1,18.0,40.4,62.7
1985,12,8.6,3.2,6.0,60.1,46.9
1986,1,6.5,0.5,12.0,105.0,41.6
1986,2,3.5,-1.7,19.0,4.4,68.1
1986,3,9.4,1.8,8.0,71.3,113.8
1986,4,10.0,1.5,7.0,99.6,138.0
1986,5,14.0,6.5,0.0,98.4,159.6
1986,6,18.6,9.8,0.0,44.5,141.1
1986,7,18.0,11.2,0.0,51.6,76.2
1986,8,16.2,8.1,0.0,109.3,110.3
1986,9,16.2,6.7,0.0,4.2,142.8
1986,10,13.6,6.8,0.0,90.6,105.4
1986,11,10.3,3.5,3.0,83.2,74.9
1986,12,8.2,2.6,5.0,100.5,40.6
1987,1,5.6,0.1,15.0,31.0,41.1
1987,2,8.0,-0.2,13.0,35.4,62.6
1987,3,8.6,1.2,11.0,77.8,71.7
1987,4,13.6,5.2,1.0,41.9,91.1
1987,5,15.2,5.7,0.0,27.3,170.6
1987,6,15.5,8.1,0.0,91.4,77.4
1987,7,19.9,11.5,0.0,36.4,109.5
1987,8,18.8,11.0,0.0,105.1,105.2
1987,9,16.3,8.2,0.0,76.5,145.8
1987,10,11.9,4.5,2.0,128.5,109.1
1987,11,9.4,3.8,4.0,46.9,52.9
1987,12,8.2,2.6,8.0,34.0,23.7
1988,1,7.1,1.5,6.0,129.9,55.5
1988,2,7.8,1.5,8.0,76.8,71.1
1988,3,9.7,3.3,2.0,108.2,80.6
1988,4,12.8,4.6,3.0,30.6,134.0
1988,5,15.7,6.1,0.0,51.2,172.6
1988,6,19.6,9.6,0.0,37.4,166.4
1988,7,17.4,10.5,0.0,91.5,114.6
1988,8,17.9,10.5,0.0,86.5,116.6
1988,9,15.9,9.2,0.0,77.4,108.3
1988,10,13.1,6.2,3.0,89.2,95.4
1988,11,9.3,2.1,8.0,34.5,66.8
1988,12,9.9,5.4,0.0,67.0,38.1
1989,1,9.7,4.1,0.0,46.6,55.5
1989,2,9.0,2.4,5.0,48.1,87.7
1989,3,10.6,2.7,3.0,81.3,112.4
1989,4,10.7,2.0,8.0,89.8,109.1
1989,5,17.2,6.7,0.0,20.0,227.5
1989,6,19.1,9.0,0.0,34.3,183.1
1989,7,23.8,12.3,0.0,36.1,243.8
1989,8,18.5,11.5,0.0,88.2,118.1
1989,9,16.3,9.2,0.0,48.5,98.5
1989,10,13.8,8.3,0.0,93.0,61.7
1989,11,8.9,4.0,5.0,25.1,45.2
1989,12,6.4,1.0,12.0,54.5,24.3
1990,1,9.0,3.3,1.0,88.1,58.6
1990,2,8.7,2.6,2.0,153.7,61.0
1990,3,11.3,5.3,2.0,39.8,88.9
1990,4,12.2,3.5,1.0,48.5,149.4
1990,5,17.1,7.5,0.0,42.6,165.0
1990,6,16.9,9.0,0.0,69.5,135.5
1990,7,20.2,11.4,0.0,31.8,214.9
1990,8,19.5,12.6,0.0,90.6,104.3
1990,9,16.1,8.0,0.0,23.1,120.0
1990,10,13.5,8.2,0.0,147.7,77.2
1990,11,9.5,3.2,7.0,51.0,73.0
1990,12,7.2,1.2,9.0,97.3,46.1
1991,1,6.3,0.7,14.0,64.0,69.4
1991,2,6.3,-0.3,14.0,33.3,48.4
1991,3,10.7,3.9,4.0,85.8,87.2
1991,4,11.3,4.5,0.0,90.0,147.0
1991,5,15.4,7.1,1.0,6.6,143.6
1991,6,15.7,8.0,0.0,57.0,114.3
1991,7,20.1,12.7,0.0,20.1,132.5
1991,8,20.1,12.0,0.0,26.0,153.0
1991,9,18.4,9.1,0.0,39.4,163.2
1991,10,12.3,6.5,0.0,82.1,70.8
1991,11,9.4,3.4,4.0,84.2,63.8
1991,12,8.8,3.5,3.0,91.2,31.2
1992,1,7.2,2.4,7.0,59.0,26.8
1992,2,9.1,2.5,6.0,40.2,55.5
1992,3,10.4,4.5,0.0,95.7,71.9
1992,4,11.3,4.8,0.0,70.7,79.5
1992,5,16.6,7.9,0.0,36.8,179.2
1992,6,19.5,10.5,0.0,52.2,158.6
1992,7,18.9,11.3,0.0,59.4,112.9
1992,8,17.3,10.3,0.0,146.4,143.3
1992,9,15.3,8.0,0.0,64.2,85.9
1992,10,11.0,4.0,2.0,47.6,85.5
1992,11,10.0,4.1,2.0,101.3,57.8
1992,12,7.0,0.9,9.0,63.2,40.4
1993,1,8.4,3.0,2.0,90.3,40.4
1993,2,8.9,4.1,4.0,17.5,24.8
1993,3,9.8,3.2,7.0,39.0,77.4
1993,4,12.7,5.5,0.0,82.3,112.1
1993,5,14.5,6.5,0.0,129.8,121.2
1993,6,17.6,10.6,0.0,64.9,88.3
1993,7,17.4,11.2,0.0,78.8,92.6
1993,8,17.5,10.1,0.0,57.8,140.4
1993,9,15.7,8.6,0.0,97.7,96.4
1993,10,11.0,4.1,5.0,40.1,87.0
1993,11,8.5,2.4,8.0,45.1,56.8
1993,12,7.3,2.3,5.0,141.9,34.0
1994,1,7.7,1.9,9.0,90.7,53.1
1994,2,6.1,0.1,13.0,107.8,48.6
1994,3,9.9,3.8,0.0,86.8,106.4
1994,4,11.7,3.5,1.0,66.7,174.4
1994,5,13.8,5.9,0.0,39.7,142.2
1994,6,16.4,9.3,0.0,37.6,102.9
1994,7,19.5,11.8,0.0,59.2,127.5
1994,8,17.9,10.3,0.0,62.4,113.4
1994,9,15.8,8.3,0.0,63.2,110.5
1994,10,13.5,6.7,0.0,38.4,112.9
1994,11,12.5,6.3,0.0,56.0,60.6
1994,12,8.9,3.2,4.0,109.5,49.9
1995,1,7.6,1.4,11.0,103.0,32.2
1995,2,8.8,3.0,1.0,89.3,58.3
1995,3,8.8,1.9,7.0,60.4,102.2
1995,4,13.0,4.7,5.0,32.9,149.1
1995,5,14.9,6.6,0.0,25.9,164.3
1995,6,19.0,9.2,0.0,28.9,227.0
1995,7,21.2,12.7,0.0,41.5,150.9
1995,8,23.8,12.5,0.0,10.4,242.7
1995,9,17.1,9.1,0.0,60.3,124.4
1995,10,15.4,9.1,0.0,134.6,105.1
1995,11,11.0,5.2,3.0,152.0,60.5
1995,12,5.6,1.0,11.0,39.9,31.5
1996,1,7.9,4.3,5.0,77.0,24.1
1996,2,7.2,-0.4,17.0,65.9,109.4
1996,3,7.8,2.9,2.0,48.5,47.6
1996,4,12.5,4.8,4.0,93.2,116.4
1996,5,13.3,4.4,2.0,78.9,170.5
1996,6,18.2,9.1,0.0,23.0,184.9
1996,7,19.2,11.2,0.0,54.1,138.4
1996,8,18.4,11.0,0.0,83.5,100.7
1996,9,17.6,9.1,0.0,27.5,142.8
1996,10,14.1,8.1,0.0,76.1,72.1
1996,11,8.8,2.3,12.0,76.1,72.0
1996,12,6.3,1.4,10.0,48.2,41.9
1997,1,6.7,2.2,10.0,18.9,20.5
1997,2,9.6,2.8,3.0,94.6,75.9
1997,3,11.7,4.5,6.0,29.2,88.6
1997,4,13.2,5.4,1.0,34.6,81.9
1997,5,15.6,6.9,1.0,84.6,201.9
1997,6,16.5,9.1,0.0,91.6,136.6
1997,7,19.5,11.9,0.0,95.3,122.5
1997,8,21.0,13.3,0.0,43.0,185.0
1997,9,16.9,9.3,0.0,35.6,145.9
1997,10,13.7,7.2,0.0,67.4,87.0
1997,11,11.3,6.3,1.0,82.2,47.3
1997,12,9.1,3.5,4.0,85.5,36.3
1998,1,7.6,2.4,8.0,111.6,55.0
1998,2,11.1,5.7,0.0,15.6,61.0
1998,3,11.0,5.2,0.0,51.3,60.1
1998,4,11.0,4.0,6.0,76.8,133.5
1998,5,16.0,8.0,0.0,37.6,137.7
1998,6,16.9,9.5,0.0,84.8,137.1
1998,7,17.9,11.3,0.0,85.6,127.2
1998,8,19.0,11.7,0.0,55.1,156.3
1998,9,17.3,10.5,0.0,53.4,106.9
1998,10,13.3,7.2,0.0,118.4,105.7
1998,11,9.9,4.2,2.0,70.2,66.6
1998,12,9.2,3.5,5.0,89.9,34.5
1999,1,7.6,2.3,5.0,107.3,45.3
1999,2,8.4,3.0,4.0,50.9,62.3
1999,3,11.0,3.7,3.0,38.9,128.3
1999,4,13.3,5.8,5.0,63.6,160.8
1999,5,15.6,8.5,0.0,48.2,120.6
1999,6,16.5,9.2,0.0,40.2,126.9
1999,7,20.7,12.4,0.0,39.6,187.3
1999,8,18.9,11.7,0.0,65.1,117.9
1999,9,17.5,11.4,0.0,158.9,106.9
1999,10,13.6,7.9,0.0,30.5,92.6
1999,11,10.6,4.7,1.0,79.7,52.4
1999,12,7.4,1.7,6.0,153.6,39.1
2000,1,8.0,2.4,6.0,29.3,41.9
2000,2,9.3,2.9,3.0,79.0,78.9
2000,3,11.1,4.6,2.0,28.2,82.9
2000,4,10.9,3.3,5.0,105.6,138.5
2000,5,16.6,6.5,0.0,45.2,233.1
2000,6,18.0,10.0,0.0,51.5,140.7
2000,7,20.1,10.9,0.0,13.4,119.1
2000,8,20.5,11.5,0.0,110.6,167.7
2000,9,17.6,10.6,0.0,89.6,114.6
2000,10,13.0,6.8,0.0,109.1,96.8
2000,11,9.0,3.4,1.0,102.1,42.1
2000,12,7.6,2.6,11.0,115.8,32.2
2001,1,6.2,-0.1,13.0,35.6,63.6
2001,2,8.4,0.9,13.0,43.0,87.5
2001,3,8.4,1.7,9.0,55.4,117.2
2001,4,11.7,3.8,2.0,63.3,124.8
2001,5,17.4,7.5,0.0,51.7,196.7
2001,6,17.0,9.4,0.0,51.5,125.8
2001,7,19.4,11.5,0.0,41.1,121.2
2001,8,19.5,11.7,0.0,88.1,152.2
2001,9,17.2,9.8,0.0,52.2,117.8
2001,10,15.3,9.8,0.0,80.2,90.7
2001,11,11.0,5.6,0.0,41.6,35.6
2001,12,7.8,0.5,15.0,43.1,77.0
2002,1,9.8,3.8,4.0,78.9,52.1
2002,2,9.6,3.2,2.0,110.5,84.4
2002,3,11.6,3.8,5.0,56.5,122.7
2002,4,13.0,5.1,2.0,113.2,170.6
2002,5,15.5,7.2,0.0,107.8,167.7
2002,6,16.9,10.2,0.0,76.7,128.4
2002,7,17.9,11.2,0.0,102.8,102.0
2002,8,19.7,11.9,0.0,41.4,119.4
2002,9,17.8,9.8,0.0,39.9,119.9
2002,10,12.7,5.9,1.0,158.0,79.4
2002,11,11.4,6.0,0.0,133.9,62.0
2002,12,7.5,3.1,6.0,50.8,36.9
2003,1,7.6,1.7,11.0,70.4,61.1
2003,2,8.2,1.2,11.0,53.4,88.1
2003,3,12.4,2.0,8.0,32.1,146.1
2003,4,14.3,5.1,3.0,31.5,169.4
2003,5,14.7,7.4,0.0,108.6,144.4
2003,6,18.3,10.3,0.0,89.3,170.5
2003,7,19.8,13.1,0.0,78.7,108.9
2003,8,21.1,11.7,0.0,17.4,183.6
2003,9,17.7,9.6,0.0,52.2,114.3
2003,10,12.8,5.2,3.0,31.6,96.8
2003,11,11.0,4.8,0.0,64.6,89.0
2003,12,8.4,2.2,8.0,53.8,51.7
2004,1,8.1,2.6,7.0,79.1,51.1
2004,2,8.9,1.3,14.0,27.1,100.0
2004,3,10.9,3.1,5.0,58.5,131.0
2004,4,12.9,5.5,0.0,53.3,150.8
2004,5,16.5,7.0,0.0,51.9,181.3
2004,6,19.0,11.1,0.0,67.5,144.2
2004,7,18.5,11.1,0.0,49.7,140.6
2004,8,20.2,12.5,0.0,100.7,166.2
2004,9,17.3,10.7,0.0,77.5,118.0
2004,10,12.6,5.7,1.0,143.3,99.1
2004,11,10.9,6.2,2.0,36.6,43.4
2004,12,9.4,3.5,4.0,54.2,50.7
2005,1,9.2,3.6,3.0,86.7,44.4
2005,2,8.3,2.0,6.0,39.4,71.1
2005,3,11.4,4.2,5.0,47.2,82.8
2005,4,12.5,4.4,1.0,53.1,139.6
2005,5,15.1,6.1,0.0,76.7,178.4
2005,6,18.7,10.9,0.0,37.8,114.0
2005,7,19.6,12.2,0.0,66.9,118.5
2005,8,19.3,11.7,0.0,56.8,140.2
2005,9,18.0,11.0,0.0,68.0,106.4
2005,10,14.8,8.8,0.0,91.5,72.1
2005,11,10.0,2.8,9.0,47.1,78.8
2005,12,8.6,3.0,7.0,67.9,32.2
2006,1,8.1,2.0,7.0,29.8,39.5
2006,2,8.5,1.0,12.0,29.8,86.6
2006,3,9.5,2.1,8.0,90.5,87.0
2006,4,12.7,4.0,3.0,45.2,164.2
2006,5,15.6,6.9,0.0,95.7,179.2
2006,6,20.3,10.4,0.0,14.6,186.0
2006,7,23.4,12.7,0.0,57.9,228.3
2006,8,19.3,11.7,0.0,62.1,103.3
2006,9,18.8,11.3,0.0,112.4,116.5
2006,10,15.7,8.5,0.0,113.7,98.5
2006,11,10.9,4.0,2.0,82.4,85.1
2006,12,9.1,3.6,4.0,93.8,51.4
2007,1,9.6,3.4,6.0,78.2,56.3
2007,2,9.5,2.1,7.0,44.7,76.0
2007,3,10.9,2.8,5.0,66.8,112.8
2007,4,16.4,6.1,0.0,16.1,203.6
2007,5,16.4,6.9,0.0,49.8,237.9
2007,6,18.7,10.3,0.0,135.3,126.1
2007,7,18.8,10.9,0.0,131.0,150.0
2007,8,18.9,11.6,0.0,109.8,118.2
2007,9,17.2,10.1,0.0,25.8,120.7
2007,10,15.6,7.9,1.0,25.8,100.1
2007,11,11.5,6.1,4.0,58.5,36.8
2007,12,9.6,3.0,4.0,80.6,45.2
2008,1,8.8,3.1,4.0,133.5,41.3
2008,2,10.2,1.7,9.0,33.4,90.4
2008,3,10.1,2.4,5.0,90.2,124.8
2008,4,12.8,3.9,4.0,19.8,187.1
2008,5,18.3,8.1,0.0,20.4,239.2
2008,6,18.1,9.4,0.0,43.8,160.4
2008,7,19.6,12.0,0.0,94.9,114.6
2008,8,18.6,12.4,0.0,151.2,69.0
2008,9,16.3,9.0,0.0,98.2,88.0
2008,10,12.5,5.5,2.0,79.0,117.5
2008,11,9.5,4.2,3.0,36.6,51.1
2008,12,7.3,0.6,16.0,56.2,52.5
2009,1,6.9,1.0,12.0,64.4,64.2
2009,2,8.1,2.6,9.0,19.2,59.2
2009,3,11.1,2.9,6.0,32.8,108.5
2009,4,13.5,5.4,0.0,90.9,158.9
2009,5,15.4,7.0,0.0,77.7,202.5
2009,6,19.7,9.3,0.0,56.6,223.9
2009,7,19.5,12.0,0.0,97.6,151.9
2009,8,18.9,12.0,0.0,124.7,123.0
2009,9,17.4,9.8,0.0,23.6,122.2
2009,10,14.7,8.5,0.0,84.6,69.4
2009,11,10.5,4.2,5.0,171.8,71.6
2009,12,5.8,-0.1,16.0,47.6,53.3
2010,1,4.9,-1.0,17.0,44.0,47.3
2010,2,6.2,-0.9,17.0,42.2,51.9
2010,3,10.5,0.9,12.0,83.7,124.1
2010,4,14.2,4.1,3.0,33.6,167.6
2010,5,15.7,6.2,0.0,41.8,195.5
2010,6,20.1,10.8,0.0,63.1,184.1
2010,7,19.6,12.4,0.0,122.2,113.5
2010,8,18.6,10.4,0.0,41.0,158.2
2010,9,17.3,10.0,0.0,131.9,117.4
2010,10,14.1,6.2,2.0,38.4,109.6
2010,11,8.3,1.2,12.0,115.0,81.3
2010,12,3.0,-3.8,24.0,37.7,48.7
2011,1,6.4,0.5,11.0,31.8,71.8
2011,2,10.3,3.4,1.0,100.8,74.6
2011,3,11.1,2.5,7.0,50.7,119.5
2011,4,16.6,6.9,0.0,19.5,194.0
2011,5,15.1,8.2,0.0,68.8,182.3
2011,6,17.0,8.7,0.0,74.0,138.5
2011,7,19.0,10.8,0.0,32.9,121.3
2011,8,18.5,10.5,0.0,46.1,118.6
2011,9,17.2,11.1,0.0,90.8,91.7
2011,10,14.2,8.8,0.0,182.5,59.2
2011,11,12.5,6.3,1.0,91.0,74.7
2011,12,8.2,2.9,4.0,83.0,28.7
2012,1,8.8,3.7,2.0,67.8,45.3
2012,2,9.4,4.3,5.0,31.3,31.0
2012,3,13.0,4.9,2.0,16.6,120.6
2012,4,11.4,2.6,4.0,51.2,140.8
2012,5,15.9,6.4,0.0,50.5,203.6
2012,6,16.5,9.3,0.0,146.6,85.6
2012,7,18.2,10.6,0.0,113.7,107.5
2012,8,20.0,12.4,0.0,85.4,146.7
2012,9,16.5,8.9,0.0,86.3,123.8
2012,10,12.5,4.7,1.0,86.9,90.6
2012,11,9.3,3.0,6.0,46.7,67.6
2012,12,8.0,1.7,9.0,70.1,56.7
2013,1,7.6,2.5,7.0,85.9,33.1
2013,2,7.9,0.8,12.0,68.0,75.0
2013,3,6.4,0.3,13.0,90.2,52.0
2013,4,11.5,3.2,6.0,50.1,164.2
2013,5,14.9,6.3,0.0,75.7,179.8
2013,6,18.8,9.4,0.0,52.1,174.0
2013,7,23.1,13.3,0.0,54.6,226.7
2013,8,19.7,12.5,0.0,57.3,115.8
2013,9,17.4,10.1,0.0,49.7,95.0
2013,10,15.0,8.3,0.0,129.3,105.8
2013,11,9.7,3.3,3.0,38.2,78.7
2013,12,9.5,3.8,0.0,102.3,44.3
2014,1,7.8,2.6,3.0,107.0,41.3
2014,2,8.5,2.3,2.0,107.0,87.3
2014,3,10.6,3.2,4.0,66.8,86.9
2014,4,14.8,6.1,0.0,45.8,168.8
2014,5,16.2,8.1,0.0,63.0,110.7
2014,6,19.1,10.2,0.0,44.6,175.0
2014,7,21.4,11.6,0.0,56.2,155.3
2014,8,18.2,10.0,0.0,118.6,160.8
2014,9,19.0,8.6,0.0,3.3,101.8
2014,10,14.8,6.6,0.0,102.8,90.8
2014,11,10.7,3.4,3.0,149.0,58.9
2014,12,7.9,1.1,12.0,98.5,53.2
2015,1,7.5,0.1,15.0,85.3,67.5
2015,2,7.9,0.3,11.0,53.7,61.7
2015,3,10.5,1.4,12.0,49.8,137.7
2015,4,14.1,2.4,4.0,61.6,204.3
2015,5,14.0,5.6,1.0,99.6,167.0
2015,6,18.0,8.6,0.0,29.3,183.0
2015,7,18.3,10.4,0.0,78.8,117.7
2015,8,18.7,10.4,0.0,117.5,147.2
2015,9,16.9,8.6,0.0,30.3,125.0
2015,10,14.5,6.5,0.0,42.3,92.9
2015,11,11.9,5.4,1.0,120.8,44.4
2015,12,10.8,4.6,2.0,186.1,38.6
2016,1,8.4,3.0,5.0,131.9,44.5
2016,2,8.2,1.1,10.0,62.6,71.3
2016,3,10.7,3.0,4.0,43.8,117.3
2016,4,11.3,2.8,5.0,54.0,139.7
2016,5,17.1,7.0,0.0,41.4,209.6
2016,6,19.3,11.0,0.0,75.1,113.6
2016,7,19.5,11.8,0.0,80.6,113.1
2016,8,19.6,12.1,0.0,52.5,134.6
2016,9,18.2,11.3,0.0,65.4,91.1
2016,10,14.2,7.1,0.0,37.1,89.8
2016,11,8.8,2.3,8.0,40.8,75.5
2016,12,10.0,4.1,1.0,51.4,50.5
2017,1,8.4,2.7,10.0,27.3,52.0
2017,2,9.2,2.8,7.0,47.9,43.2
2017,3,12.2,4.2,3.0,71.0,116.0
2017,4,12.9,5.4,1.0,8.7,96.3
2017,5,18.5,7.9,0.0,35.6,250.2
2017,6,18.7,11.0,0.0,77.5,97.5
2017,7,19.8,11.2,0.0,82.5,153.0
2017,8,19.1,11.0,0.0,77.7,130.5
2017,9,16.7,9.4,0.0,91.8,115.7
2017,10,14.8,8.5,0.0,66.5,58.8
2017,11,9.6,3.7,1.0,63.0,65.3
2017,12,7.8,2.7,9.0,78.4,31.8
2018,1,7.2,1.8,6.0,127.1,51.1
2018,2,7.1,0.2,11.0,61.6,96.6
2018,3,8.2,1.4,9.0,66.3,79.4
2018,4,12.8,5.0,2.0,75.6,129.2
2018,5,17.9,7.9,0.0,32.8,202.5
2018,6,21.9,10.4,0.0,49.5,189.5
2018,7,21.6,12.2,0.0,58.4,178.9
2018,8,19.1,11.7,0.0,80.4,118.8
2018,9,16.5,8.7,0.0,31.5,105.7
2018,10,13.0,6.5,3.0,32.8,94.5
2018,11,10.2,5.0,3.0,109.5,66.8
2018,12,9.0,4.8,2.0,85.7,23.5
2019,1,7.9,3.0,7.0,22.2,39.4
2019,2,11.2,3.6,3.0,48.8,80.1
2019,3,10.9,4.2,1.0,111.7,77.4
2019,4,13.5,5.2,1.0,54.2,108.5
2019,5,15.5,6.3,0.0,41.8,126.8
2019,6,18.0,9.5,0.0,104.8,136.3
2019,7,20.9,12.8,0.0,55.8,132.6
2019,8,20.1,12.1,0.0,125.2,166.3
2019,9,17.9,9.9,0.0,79.6,117.8
2019,10,13.0,5.7,2.0,69.4,113.3
2019,11,9.1,3.1,6.0,84.8,53.4
2019,12,8.4,3.5,2.0,74.4,47.6
2020,1,8.8,3.2,3.0,42.2,47.0
2020,2,8.5,2.5,1.0,144.2,83.7
2020,3,10.4,2.5,4.0,45.0,128.8
2020,4,15.6,4.9,1.0,17.4,213.7
2020,5,17.6,7.0,2.0,18.2,224.9
2020,6,18.7,10.5,0.0,69.8,90.4
2020,7,18.1,11.1,0.0,81.2,81.5
2020,8,19.7,12.2,0.0,144.2,122.2
2020,9,17.8,9.7,0.0,51.6,120.0
2020,10,13.5,6.7,0.0,89.0,115.6
2020,11,11.2,5.2,2.0,74.4,48.5
2020,12,7.5,2.2,6.0,78.8,42.4
2021,1,6.1,0.2,17.0,102.8,51.2
2021,2,8.9,3.2,5.0,74.6,69.2
2021,3,11.2,4.2,3.0,44.2,72.6
2021,4,12.8,2.1,5.0,14.8,210.5
2021,5,15.0,5.2,1.0,108.2,208.7
2021,6,19.4,10.1,0.0,22.4,152.3
2021,7,22.6,13.0,0.0,26.4,160.0
2021,8,19.8,12.2,0.0,92.2,100.7
2021,9,18.8,11.9,0.0,77.0,75.7
2021,10,14.8,8.7,0.0,82.2,105.7
2021,11,10.6,5.4,1.0,35.6,49.7
2021,12,8.7,4.2,0.0,107.2,27.8
2022,1,8.3,3.6,2.0,42.2,51.7
2022,2,9.2,3.4,3.0,117.6,65.2
2022,3,12.4,2.8,5.0,42.0,188.4
2022,4,13.2,4.4,5.0,49.2,164.7
2022,5,16.6,8.9,0.0,70.0,155.0
2022,6,18.2,10.5,0.0,58.0,132.1
2022,7,20.7,12.8,0.0,24.0,96.9
2022,8,21.8,11.9,0.0,25.8,213.1
2022,9,18.0,10.2,0.0,111.2,128.6
2022,10,14.9,8.7,0.0,152.0,91.0
2022,11,11.8,6.0,0.0,96.2,89.8
2022,12,6.4,0.6,13.0,71.0,55.7
2023,1,8.2,2.7,8.0,70.6,60.8
2023,2,10.2,4.4,4.0,19.2,39.0
2023,3,10.7,3.3,7.0,143.0,83.2
2023,4,13.4,5.2,2.0,64.6,131.2
2023,5,17.8,8.3,0.0,28.0,170.6
2023,6,22.4,11.9,0.0,42.8,225.5
2023,7,18.7,11.8,0.0,139.6,92.1
2023,8,19.6,12.0,0.0,107.2,113.3
2023,9,18.9,11.0,0.0,95.8,130.8
2023,10,14.9,8.1,0.0,192.4,83.9
2023,11,10.6,4.2,3.0,58.2,67.3
2023,12,9.6,5.0,4.0,96.6,24.7
2024,1,7.8,1.5,10.0,39.4,58.1
2024,2,10.2,4.1,1.0,56.2,69.4
