Codes,Area names,Region,Location,Total % 0-4,Total % 5-6,Total % 7-8,Total % 9-10,Total Average rating,0-4 CV,0-4 Lower limit,0-4 Upper limit,5-6 CV, 5-6 Lower limit,5-6 Upper limit,7-8 CV,7-8 Lower limit,7-8 Upper limit,9-10 CV,9-10 Lower limit,9-10 Upper limit,Total CV,Total Lower limit,Total Upper limit,Sample size
K02000001,UNITED KINGDOM,,,9.68,17.05,40.66,32.6,7.38,1.03,9.49,9.88,0.75,16.8,17.3,0.41,40.33,40.99,0.5,32.28,32.92,0.1,7.37,7.4,166238
E92000001,ENGLAND,,,9.71,17.23,40.66,32.39,7.37,1.16,9.49,9.93,0.83,16.95,17.52,0.46,40.29,41.03,0.56,32.04,32.75,0.11,7.36,7.39,120709
E12000001,NORTH EAST,,,11.58,17.48,38.59,32.35,7.29,3.64,10.76,12.41,2.98,16.46,18.5,1.65,37.34,39.84,1.89,31.15,33.54,0.42,7.23,7.35,11049
E06000047,,County Durham UA,,12.97,19.87,36.72,30.43,7.17,10.88,10.19,15.75,8.4,16.59,23.16,5.28,32.91,40.54,5.75,26.99,33.88,1.37,6.98,7.36,808
E06000005,,Darlington UA,,10.39,17.13,38.8,33.68,7.35,11.2,8.1,12.68,8.77,14.18,20.08,4.92,35.05,42.56,5.79,29.84,37.51,1.21,7.18,7.53,950
E06000001,,Hartlepool UA,,10.95,16.56,37.02,35.47,7.41,11.35,8.51,13.39,7.77,14.03,19.09,4.49,33.75,40.29,4.96,32.02,38.92,1.17,7.24,7.58,1111
E06000002,,Middlesbrough UA,,12.69,17.15,36.46,33.7,7.27,10.19,10.15,15.23,7.91,14.48,19.82,4.78,33.03,39.88,5.43,30.1,37.29,1.3,7.08,7.45,974
E06000048,,Northumberland UA,,10.14,14.65,40.27,34.94,7.46,10.82,7.99,12.3,9.39,11.95,17.36,4.54,36.67,43.86,5.22,31.36,38.52,1.08,7.3,7.62,929
E06000003,,Redcar and Cleveland UA,,10.37,16.62,35.17,37.85,7.48,11.75,7.97,12.76,9.17,13.62,19.62,5.24,31.54,38.79,5,34.13,41.56,1.2,7.31,7.66,991
E06000004,,Stockton-on-Tees UA,,8.91,16.02,41.92,33.15,7.47,14.17,6.43,11.39,9.81,12.93,19.12,5.19,37.63,46.2,6.29,29.05,37.25,1.19,7.29,7.64,780
E11000004,,Tyne and Wear (Met County),,11.94,17.64,39.19,31.22,7.24,4.83,10.81,13.07,4.27,16.17,19.12,2.36,37.38,41.01,2.9,29.45,33,0.61,7.15,7.32,4506
E08000020,,,Gateshead,12.38,16.2,41.59,29.84,7.22,10.24,9.88,14.87,9.74,13.09,19.3,5.33,37.22,45.95,5.88,26.39,33.3,1.21,7.05,7.4,851
E08000021,,,Newcastle upon Tyne,10.4,18.44,41.83,29.33,7.23,10.77,8.2,12.61,8.49,15.36,21.52,4.67,37.99,45.67,6.73,25.45,33.21,1.19,7.06,7.4,933
E08000022,,,North Tyneside,10.72,18.56,40.11,30.61,7.3,13.4,7.9,13.55,10.72,14.65,22.48,5.26,35.96,44.26,6.16,26.9,34.32,1.42,7.1,7.51,777
E08000023,,,South Tyneside,14.02,17.3,37.59,31.08,7.09,8.04,11.8,16.23,7.94,14.6,20,5.02,33.88,41.31,5.65,27.63,34.54,1.22,6.92,7.26,1024
E08000024,,,Sunderland,13.23,17.16,34.76,34.85,7.28,9.77,10.68,15.77,8.85,14.18,20.15,5.36,31.1,38.42,5.7,30.95,38.76,1.4,7.08,7.48,921
E12000002,NORTH WEST ,,,10.82,17.91,39.93,31.33,7.28,2.78,10.23,11.41,2.12,17.17,18.66,1.18,39.01,40.86,1.45,30.44,32.22,0.3,7.24,7.32,19705
E06000008,,Blackburn with Darwen UA,,12.16,16.53,38.99,32.31,7.26,10.29,9.7,14.63,9.29,13.51,19.55,4.56,35.5,42.48,6.09,28.44,36.19,1.33,7.07,7.45,853
E06000009,,Blackpool UA,,11.14,15.81,38.71,34.33,7.34,10.89,8.75,13.53,8.91,13.04,18.59,5.35,34.64,42.78,5.89,30.36,38.31,1.2,7.17,7.52,863
E06000049,,Cheshire East UA,,8.7,17.58,44.6,29.13,7.34,16.37,5.89,11.5,11.14,13.71,21.44,5.15,40.07,49.13,7.46,24.84,33.42,1.55,7.12,7.57,472
E06000050,,Cheshire West and Chester UA,,9.56,15.4,46.4,28.64,7.31,17.69,6.22,12.9,12.46,11.61,19.18,6.18,40.75,52.06,9.11,23.49,33.79,1.72,7.06,7.55,410
E06000006,,Halton UA,,12.12,20.43,35.68,31.77,7.19,10.36,9.65,14.59,8.42,17.05,23.81,5.4,31.89,39.47,5.58,28.28,35.26,1.24,7.01,7.36,861
E06000007,,Warrington UA,,9.04,15.91,41.63,33.42,7.45,11.66,6.97,11.11,9.05,13.07,18.74,4.67,37.81,45.46,5.82,29.59,37.24,1.1,7.28,7.61,797
E10000006,,Cumbria ,,9.72,17.27,40.16,32.84,7.44,13.08,7.22,12.22,9.34,14.1,20.44,4.46,36.64,43.69,5.76,29.12,36.56,1.2,7.26,7.61,905
E07000026,,,Allerdale,x,x,x,x,7.73,36.45,x,x,16.14,x,x,9.24,x,x,11.65,x,x,2.2,7.4,8.07,194
E07000027,,,Barrow-in-Furness,x,x,x,x,6.68,26.88,x,x,26.76,x,x,16.49,x,x,19.07,x,x,4.79,6.03,7.33,96
E07000028,,,Carlisle,x,x,x,x,7.28,26.22,x,x,20.42,x,x,8.97,x,x,15.8,x,x,2.8,6.87,7.68,191
E07000029,,,Copeland,x,x,x,x,7.53,52.55,x,x,22.36,x,x,13.5,x,x,16.31,x,x,2.55,7.14,7.92,120
E07000030,,,Eden,x,x,x,x,7.66,35.82,x,x,23.4,x,x,14.65,x,x,14.1,x,x,3.08,7.18,8.14,106
E07000031,,,South Lakeland,x,x,x,x,7.7,26.01,x,x,27.25,x,x,9.45,x,x,10.8,x,x,2.3,7.34,8.05,198
E11000001,,Greater Manchester (Met County),,11.2,18.08,40.12,30.61,7.25,3.85,10.35,12.05,3.02,17,19.15,1.71,38.77,41.46,2.17,29.31,31.91,0.43,7.19,7.31,8728
E08000001,,,Bolton,11.95,17.64,39.27,31.15,7.25,12.68,8.97,14.93,8.78,14.59,20.69,5.1,35.33,43.2,6.34,27.26,35.03,1.27,7.07,7.43,850
E08000002,,,Bury,10.08,15.13,40.26,34.54,7.44,12.97,7.51,12.66,9.75,12.22,18.03,5.29,36.06,44.45,6.3,30.25,38.82,1.33,7.25,7.63,692
E08000003,,,Manchester,11.95,20.7,39.46,27.89,7.1,10.49,9.48,14.41,8.07,17.42,23.99,5.25,35.39,43.53,6.93,24.09,31.69,1.31,6.92,7.28,980
E08000004,,,Oldham ,12.01,19.98,38.99,29.02,7.12,10,9.65,14.37,8.47,16.65,23.31,5.22,34.99,42.99,6.44,25.34,32.69,1.25,6.94,7.29,817
E08000005,,,Rochdale,14.76,17.68,37.37,30.19,7.05,9.74,11.93,17.59,8.38,14.77,20.59,4.45,34.1,40.64,5.6,26.87,33.52,1.4,6.86,7.24,980
E08000006,,,Salford,12.39,18.63,39.29,29.69,7.17,12.07,9.45,15.33,8.82,15.4,21.86,5.34,35.17,43.42,6.76,25.75,33.63,1.45,6.96,7.37,870
E08000007,,,Stockport,9.2,16.6,44.52,29.68,7.31,11.81,7.06,11.33,8.94,13.68,19.52,4.47,40.6,48.44,6.26,26.03,33.33,1.14,7.15,7.48,915
E08000008,,,Tameside,10.74,19.74,39.62,29.89,7.25,9.69,8.7,12.79,8.24,16.54,22.94,4.61,36.03,43.21,6.3,26.19,33.59,1.14,7.09,7.42,923
E08000009,,,Trafford,7.4,15.18,44.77,32.65,7.55,13.63,5.42,9.39,9.44,12.36,17.99,4.33,40.96,48.58,6.16,28.7,36.61,1.04,7.4,7.71,844
E08000010,,,Wigan,10.43,15.65,38.73,35.19,7.46,10.34,8.31,12.55,9.48,12.73,18.56,4.65,35.19,42.28,5.33,31.5,38.88,1.15,7.29,7.63,857
E10000017,,Lancashire,,10.12,17.84,38.54,33.5,7.35,9.74,8.18,12.05,6.7,15.49,20.19,3.73,35.72,41.37,4.32,30.65,36.34,0.98,7.21,7.49,1455
E07000117,,,Burnley,x,x,x,x,7.12,33.8,x,x,26.24,x,x,16.41,x,x,16.6,x,x,3.89,6.56,7.68,85
E07000118,,,Chorley,x,x,x,x,7.25,25.72,x,x,16.16,x,x,13.19,x,x,15.76,x,x,2.72,6.86,7.65,157
E07000119,,,Fylde,x,x,x,x,7.94,51.06,x,x,29.86,x,x,13.2,x,x,14.09,x,x,2.73,7.5,8.38,95
E07000120,,,Hyndburn,x,x,x,x,7.53,40.76,x,x,37.12,x,x,14.93,x,x,16.06,x,x,3.81,6.94,8.12,91
E07000121,,,Lancaster,x,x,x,x,7.22,34.04,x,x,20.06,x,x,8.84,x,x,14.38,x,x,3.21,6.76,7.68,162
E07000122,,,Pendle,x,x,x,x,6.96,27.72,x,x,23.68,x,x,16.49,x,x,15.28,x,x,4.12,6.38,7.53,117
E07000123,,,Preston,x,x,x,x,7.09,23.95,x,x,15.42,x,x,10.26,x,x,13.95,x,x,3.16,6.65,7.54,176
E07000124,,,Ribble Valley,x,x,x,x,7.84,45.74,x,x,33.85,x,x,21.65,x,x,13.94,x,x,4.2,7.15,8.52,66
E07000125,,,Rossendale,x,x,x,x,7.85,67.48,x,x,29.36,x,x,16.26,x,x,15.84,x,x,3.61,7.27,8.43,77
E07000126,,,South Ribble,x,x,x,x,6.86,27.56,x,x,14.58,x,x,13.74,x,x,16.73,x,x,3.6,6.37,7.35,147
E07000127,,,West Lancashire,x,x,x,x,7.61,30.99,x,x,24.68,x,x,10.45,x,x,13.28,x,x,2.32,7.26,7.97,147
E07000128,,,Wyre,x,x,x,x,7.63,33.38,x,x,25.42,x,x,11.19,x,x,12.38,x,x,2.75,7.21,8.05,135
E11000002,,Merseyside (Met County),,11.97,19.01,38.17,30.85,7.18,4.86,10.83,13.11,4.2,17.45,20.58,2.6,36.22,40.12,2.87,29.11,32.59,0.59,7.1,7.27,4361
E08000011,,,Knowsley ,13.58,18.89,33.88,33.64,7.14,9.55,11.03,16.14,8.62,15.69,22.1,5.66,30.11,37.66,6.04,29.64,37.63,1.38,6.95,7.34,844
E08000012,,,Liverpool,12.21,18.79,39.19,29.81,7.17,9.45,9.95,14.48,8.5,15.65,21.92,5.57,34.9,43.48,6.01,26.29,33.33,1.14,7.01,7.33,973
E08000014,,,Sefton,10.6,18.14,38.52,32.73,7.3,11.3,8.25,12.96,8.75,15.02,21.26,4.91,34.8,42.25,5.64,29.1,36.36,1.15,7.13,7.46,836
E08000013,,,St. Helens,10.37,21.11,38.38,30.14,7.19,11.05,8.11,12.62,8.85,17.43,24.78,4.92,34.67,42.1,5.97,26.6,33.68,1.19,7.02,7.36,856
E08000015,,,Wirral,13,18.94,38.21,29.85,7.11,10.18,10.4,15.6,9.29,15.48,22.4,5.26,34.26,42.16,6.39,26.1,33.6,1.39,6.92,7.31,852
E12000003,YORKSHIRE AND THE HUMBER,,,10.79,16.96,38.53,33.72,7.34,3.24,10.1,11.47,2.45,16.15,17.78,1.4,37.47,39.59,1.59,32.66,34.77,0.35,7.29,7.39,13228
E06000011,,East Riding of Yorkshire UA,,10.19,15.48,38.49,35.84,7.44,12.01,7.78,12.6,9.12,12.7,18.26,5,34.7,42.27,5.16,32.2,39.48,1.2,7.26,7.61,801
E06000010,,"Kingston upon Hull, City of UA",,14.26,18.01,36.27,31.46,7.12,11.37,11.07,17.44,9.16,14.77,21.26,5.48,32.36,40.18,6.35,27.53,35.4,1.64,6.89,7.35,862
E06000012,,North East Lincolnshire UA,,11.93,15.65,36.4,36.03,7.33,10.48,9.47,14.39,8.54,13.02,18.28,5.22,32.66,40.13,5.22,32.33,39.73,1.3,7.14,7.51,937
E06000013,,North Lincolnshire UA,,8.32,17.01,38.51,36.16,7.51,12.58,6.26,10.38,9.57,13.81,20.22,5.33,34.47,42.54,5.75,32.08,40.25,1.08,7.35,7.67,868
E06000014,,York UA,,10.12,16.03,42.72,31.13,7.36,9.05,8.32,11.92,8.3,13.41,18.65,4.21,39.19,46.26,6.05,27.42,34.83,0.98,7.22,7.5,1035
E10000023,,North Yorkshire,,7.36,15.5,39.2,37.94,7.65,15,5.19,9.54,8.73,12.84,18.16,5.02,35.32,43.07,5.15,34.1,41.78,1.12,7.48,7.82,826
E07000163,,,Craven,x,x,x,x,7.79,60.51,x,x,24.97,x,x,18.39,x,x,12.8,x,x,3.18,7.28,8.3,74
E07000164,,,Hambleton,x,x,x,x,7.75,39.21,x,x,26.88,x,x,11.76,x,x,15.99,x,x,2.8,7.31,8.19,105
E07000165,,,Harrogate,x,x,x,x,7.64,22.89,x,x,15.68,x,x,9.45,x,x,9.61,x,x,1.88,7.36,7.93,229
E07000166,,,Richmondshire,x,x,x,x,7.94,51.56,x,x,42.31,x,x,16.74,x,x,14.49,x,x,2.31,7.56,8.31,71
E07000167,,,Ryedale,x,x,x,x,7.95,74.59,x,x,29.18,x,x,17.33,x,x,15.38,x,x,2.64,7.51,8.38,72
E07000168,,,Scarborough,x,x,x,x,7.26,35.76,x,x,19.54,x,x,14.35,x,x,16.51,x,x,4.28,6.64,7.88,129
E07000169,,,Selby,x,x,x,x,7.6,28.18,x,x,19.49,x,x,10.95,x,x,10.48,x,x,2.28,7.25,7.95,146
E11000003,,South Yorkshire (Met County),,11.79,17.56,37.38,33.28,7.28,6.1,10.38,13.2,4.41,16.04,19.08,2.76,35.35,39.4,3.11,31.25,35.3,0.69,7.19,7.38,3531
E08000016,,,Barnsley,11.42,18.58,36.35,33.64,7.33,10.05,9.16,13.68,8.07,15.63,21.53,4.98,32.8,39.91,5.71,29.87,37.42,1.24,7.15,7.51,952
E08000017,,,Doncaster,13.19,16.53,38.11,32.18,7.24,11.05,10.32,16.05,8.8,13.67,19.39,5.04,34.33,41.88,5.92,28.43,35.93,1.37,7.05,7.44,855
E08000018,,,Rotherham ,10.53,17.48,36.54,35.45,7.39,11.45,8.16,12.9,8.02,14.72,20.23,4.93,33,40.08,5.19,31.84,39.07,1.14,7.22,7.55,896
E08000019,,,Sheffield,11.78,17.71,37.77,32.74,7.24,11.29,9.17,14.4,7.93,14.94,20.47,5.06,34.01,41.54,5.81,29,36.48,1.27,7.06,7.42,828
E11000006,,West Yorkshire (Met County),,10.95,17.27,39.06,32.72,7.3,5.2,9.83,12.07,4.12,15.87,18.66,2.26,37.33,40.79,2.67,31.01,34.44,0.57,7.22,7.38,4368
E08000032,,,Bradford ,10.37,19.08,35.94,34.61,7.34,12.15,7.89,12.85,8.97,15.71,22.45,5.84,31.82,40.07,6.01,30.52,38.7,1.36,7.14,7.53,725
E08000033,,,Calderdale,8.78,19.29,42.32,29.61,7.31,12.74,6.58,10.98,8,16.26,22.33,4.73,38.38,46.26,6.53,25.81,33.41,1.21,7.13,7.48,819
E08000034,,,Kirklees ,11.9,15.22,39.32,33.56,7.32,11.61,9.18,14.62,9.44,12.39,18.04,5.05,35.42,43.23,5.92,29.65,37.47,1.34,7.13,7.52,745
E08000035,,,Leeds ,11.34,16.84,39.84,31.98,7.26,9.3,9.26,13.41,7.62,14.32,19.36,3.96,36.74,42.94,4.98,28.85,35.11,1.05,7.11,7.41,1132
E08000036,,,Wakefield,11.06,16.79,39.47,32.68,7.31,10.08,8.87,13.25,9.58,13.63,19.95,4.82,35.73,43.21,5.12,29.39,35.97,1.04,7.16,7.46,947
E12000004,EAST MIDLANDS,,,9.29,18.03,39.15,33.53,7.41,4.1,8.55,10.04,2.95,16.99,19.07,1.67,37.87,40.44,1.94,32.25,34.8,0.4,7.35,7.47,7877
E06000015,,Derby UA ,,11.43,17.4,39,32.17,7.25,12.34,8.65,14.2,8,14.67,20.14,4.84,35.28,42.71,5.42,28.75,35.6,1.39,7.05,7.44,904
E06000016,,Leicester UA,,12.47,18.24,38.97,30.33,7.19,12.41,9.43,15.51,9.15,14.96,21.52,5.68,34.62,43.32,7.82,25.66,34.99,1.53,6.98,7.41,870
E06000018,,Nottingham UA,,9.64,20.89,40.05,29.41,7.21,11.55,7.45,11.83,7.1,17.98,23.81,4.63,36.41,43.7,6.37,25.73,33.1,1.12,7.05,7.37,1039
E06000017,,Rutland UA ,,x,x,x,x,7.63,30.72,x,x,18.29,x,x,8.38,x,x,13,x,x,2.04,7.32,7.94,231
E10000007,,Derbyshire,,10.14,15.53,38.72,35.62,7.48,10.24,8.1,12.18,8.31,12.99,18.06,4.49,35.3,42.14,4.96,32.14,39.09,1.07,7.32,7.63,974
E07000032,,,Amber Valley,x,x,x,x,7.26,23.81,x,x,16.94,x,x,12.28,x,x,12.28,x,x,2.1,6.96,7.57,154
E07000033,,,Bolsover,x,x,x,x,7.5,24.8,x,x,37.48,x,x,17.04,x,x,13.21,x,x,3.54,6.97,8.04,102
E07000034,,,Chesterfield,x,x,x,x,7.66,34.21,x,x,20.28,x,x,14.06,x,x,13.2,x,x,3.36,7.14,8.18,120
E07000035,,,Derbyshire Dales,x,x,x,x,7.57,32.4,x,x,32.19,x,x,13.62,x,x,14.71,x,x,3.28,7.07,8.08,105
E07000036,,,Erewash,x,x,x,x,7.4,31.14,x,x,22.2,x,x,9.84,x,x,14.92,x,x,3.06,6.94,7.85,133
E07000037,,,High Peak,x,x,x,x,7.5,32.83,x,x,22.76,x,x,13.24,x,x,16.05,x,x,3.05,7.04,7.96,124
E07000038,,,North East Derbyshire,x,x,x,x,7.57,25.93,x,x,28.99,x,x,11,x,x,12.86,x,x,3.01,7.11,8.03,126
E07000039,,,South Derbyshire,x,x,x,x,7.43,31.07,x,x,23.28,x,x,12.53,x,x,15.44,x,x,3.04,6.97,7.89,110
E10000018,,Leicestershire,,7.11,17.79,38.38,36.72,7.58,12.07,5.42,8.8,8.22,14.91,20.66,4.4,35.06,41.71,4.66,33.35,40.08,0.97,7.44,7.73,889
E07000129,,,Blaby,x,x,x,x,7.82,47.4,x,x,26.94,x,x,9.27,x,x,12.3,x,x,2.34,7.45,8.19,131
E07000130,,,Charnwood,x,x,x,x,7.4,20.65,x,x,15.66,x,x,9.86,x,x,8.93,x,x,2.09,7.1,7.71,221
E07000131,,,Harborough,x,x,x,x,7.55,27.58,x,x,25.33,x,x,12.19,x,x,13.15,x,x,2.83,7.12,7.99,122
E07000132,,,Hinckley and Bosworth,x,x,x,x,7.55,30.58,x,x,18.11,x,x,11.39,x,x,10.58,x,x,2.52,7.17,7.93,129
E07000133,,,Melton,x,x,x,x,7.68,44.48,x,x,24.73,x,x,16.76,x,x,16.96,x,x,3.37,7.14,8.21,71
E07000134,,,North West Leicestershire,x,x,x,x,7.59,33.62,x,x,19.56,x,x,10.36,x,x,13.89,x,x,2.02,7.28,7.9,132
E07000135,,,Oadby and Wigston,x,x,x,x,7.79,46.38,x,x,27.74,x,x,16.34,x,x,15.62,x,x,3.1,7.3,8.28,83
E10000019,,Lincolnshire ,,8.48,19.69,37.36,34.47,7.46,11.89,6.5,10.46,7.24,16.89,22.49,4.45,34.09,40.63,4.96,31.11,37.84,1.09,7.3,7.62,1019
E07000136,,,Boston,x,x,x,x,7.25,40.96,x,x,22.34,x,x,19.92,x,x,15.94,x,x,4.71,6.55,7.94,78
E07000137,,,East Lindsey,x,x,x,x,7.35,22.36,x,x,15.42,x,x,10.78,x,x,11,x,x,2.73,6.95,7.75,204
E07000138,,,Lincoln,x,x,x,x,7.41,32.3,x,x,18.71,x,x,11.23,x,x,18,x,x,2.85,6.99,7.84,127
E07000139,,,North Kesteven,x,x,x,x,7.5,26.42,x,x,21.07,x,x,11.1,x,x,11.57,x,x,2.83,7.08,7.93,165
E07000140,,,South Holland,x,x,x,x,7.24,35.71,x,x,20.96,x,x,12.56,x,x,18.57,x,x,2.44,6.89,7.6,111
E07000141,,,South Kesteven,x,x,x,x,7.69,40.79,x,x,17.09,x,x,8.78,x,x,10.1,x,x,2.38,7.32,8.05,197
E07000142,,,West Lindsey,x,x,x,x,7.62,31.05,x,x,20.96,x,x,13.12,x,x,11.75,x,x,2.73,7.2,8.04,137
E10000021,,Northamptonshire ,,8.1,18.82,41.59,31.5,7.41,11.1,6.33,9.87,8.22,15.77,21.86,4.39,38,45.18,5.44,28.13,34.86,0.98,7.26,7.55,934
E07000150,,,Corby,x,x,x,x,7.01,29.48,x,x,20.61,x,x,12.63,x,x,21.97,x,x,2.57,6.64,7.38,101
E07000151,,,Daventry,x,x,x,x,7.52,42.68,x,x,24.19,x,x,15.88,x,x,16.12,x,x,3.23,7.02,8.01,85
E07000152,,,East Northamptonshire,x,x,x,x,7.06,32.61,x,x,26.37,x,x,10.2,x,x,24.83,x,x,2.87,6.65,7.47,122
E07000153,,,Kettering,x,x,x,x,7.31,33.95,x,x,20.44,x,x,11.45,x,x,15.12,x,x,2.56,6.94,7.69,123
E07000154,,,Northampton,10.11,18.89,35.94,35.05,7.46,18.21,6.46,13.76,15.32,13.15,24.63,8.86,29.63,42.25,9.54,28.42,41.69,1.92,7.18,7.74,268
E07000155,,,South Northamptonshire,x,x,x,x,7.8,30.83,x,x,21.36,x,x,13.05,x,x,11.19,x,x,2.09,7.47,8.13,137
E07000156,,,Wellingborough,x,x,x,x,7.51,29.49,x,x,26.19,x,x,12.25,x,x,15.81,x,x,3.12,7.03,7.98,98
E10000024,,Nottinghamshire,,10.29,17.46,39.28,32.98,7.36,9.83,8.3,12.28,7.54,14.87,20.04,4.25,36,42.55,4.76,29.89,36.07,1.04,7.21,7.51,1017
E07000170,,,Ashfield,x,x,x,x,7.35,27.09,x,x,21.62,x,x,13.44,x,x,11.13,x,x,2.59,6.97,7.73,133
E07000171,,,Bassetlaw,x,x,x,x,7.39,19.84,x,x,20.39,x,x,8.9,x,x,10.13,x,x,2.69,6.99,7.79,170
E07000172,,,Broxtowe,x,x,x,x,7.52,30.41,x,x,24.25,x,x,10.92,x,x,13.37,x,x,3,7.07,7.97,129
E07000173,,,Gedling,x,x,x,x,7.24,22.11,x,x,16.33,x,x,10.37,x,x,13.52,x,x,2.35,6.9,7.58,161
E07000174,,,Mansfield,x,x,x,x,7.28,22.43,x,x,22.55,x,x,11.03,x,x,13,x,x,3.14,6.83,7.74,128
E07000175,,,Newark and Sherwood,x,x,x,x,7.29,28.7,x,x,17.49,x,x,15.04,x,x,12.44,x,x,2.95,6.86,7.72,149
E07000176,,,Rushcliffe,x,x,x,x,7.46,30.74,x,x,18.05,x,x,9.67,x,x,14.91,x,x,2.47,7.09,7.83,147
E12000005,WEST MIDLANDS,,,9.67,16.56,41.55,32.23,7.4,3.81,8.94,10.39,2.65,15.7,17.42,1.45,40.37,42.73,1.83,31.07,33.38,0.37,7.34,7.45,12201
E06000019,,"Herefordshire, County of UA",,7.89,15.86,41.04,35.22,7.55,12.03,6.02,9.75,8.77,13.13,18.59,4.43,37.46,44.61,5.33,31.53,38.91,1.01,7.4,7.7,1050
E06000051,,Shropshire UA,,9.09,15.28,40.54,35.1,7.47,11.82,6.97,11.2,8.96,12.59,17.97,4.51,36.94,44.14,5.6,31.23,38.96,1.21,7.3,7.65,877
E06000021,,Stoke-on-Trent UA,,12.98,17.87,38.41,30.74,7.16,12.37,9.82,16.14,8.88,14.74,20.99,5.98,33.89,42.93,7.38,26.28,35.21,1.58,6.93,7.38,695
E06000020,,Telford and Wrekin UA,,11.36,19.1,36.67,32.87,7.28,9.17,9.31,13.4,7.81,16.17,22.04,5,33.06,40.27,5.58,29.27,36.48,1.15,7.11,7.44,922
E10000028,,Staffordshire,,8.19,14.67,44.18,32.96,7.55,12.12,6.24,10.14,8.17,12.31,17.02,3.77,40.9,47.45,4.81,29.85,36.08,0.95,7.41,7.69,1002
E07000192,,,Cannock Chase,x,x,x,x,7.46,35.15,x,x,25.26,x,x,11.22,x,x,16.67,x,x,3.01,7.01,7.92,112
E07000193,,,East Staffordshire,x,x,x,x,7.46,35.75,x,x,24.26,x,x,14.3,x,x,12.39,x,x,3.4,6.95,7.97,119
E07000194,,,Lichfield,x,x,x,x,7.87,28.02,x,x,19.57,x,x,10.1,x,x,11.04,x,x,2.02,7.55,8.19,138
E07000195,,,Newcastle-under-Lyme,x,x,x,x,7.4,37.73,x,x,20.17,x,x,9.5,x,x,14.83,x,x,2.68,7,7.8,139
E07000196,,,South Staffordshire,x,x,x,x,7.84,38.68,x,x,22.33,x,x,10.48,x,x,12.37,x,x,2.62,7.43,8.25,143
E07000197,,,Stafford,x,x,x,x,7.27,24.96,x,x,17.39,x,x,8.7,x,x,12.39,x,x,2.45,6.92,7.63,162
E07000198,,,Staffordshire Moorlands,x,x,x,x,8.02,52.36,x,x,26.3,x,x,8.47,x,x,12.03,x,x,1.88,7.72,8.32,120
E07000199,,,Tamworth,x,x,x,x,7.13,30.37,x,x,33.44,x,x,14.32,x,x,20.37,x,x,3.5,6.61,7.64,69
E10000031,,Warwickshire,,9.48,14.21,42.17,34.15,7.53,13.07,7.04,11.91,10.14,11.37,17.04,4.96,38.06,46.28,6.15,30.01,38.28,1.22,7.35,7.71,714
E07000218,,,North Warwickshire,x,x,x,x,7.39,45.28,x,x,28.92,x,x,10.27,x,x,21.24,x,x,3.15,6.91,7.86,69
E07000219,,,Nuneaton and Bedworth,x,x,x,x,7.03,20.18,x,x,20.75,x,x,13.11,x,x,19.99,x,x,3.17,6.58,7.47,145
E07000220,,,Rugby,x,x,x,x,7.54,29.82,x,x,22.42,x,x,12.49,x,x,12.82,x,x,3.04,7.08,8,109
E07000221,,,Stratford-on-Avon,x,x,x,x,8.04,28.33,x,x,27,x,x,10.65,x,x,8.47,x,x,1.79,7.75,8.32,189
E07000222,,,Warwick,x,x,x,x,7.62,34.31,x,x,17.03,x,x,8.74,x,x,11.87,x,x,2.4,7.26,7.98,202
E11000005,,West Midlands (Met County),,10.14,17.69,41.06,31.12,7.31,5.49,9.05,11.23,3.68,16.41,18.96,2.12,39.35,42.76,2.77,29.43,32.81,0.57,7.23,7.4,6146
E08000025,,,Birmingham,11.5,16.28,40.28,31.95,7.3,10.62,9.1,13.9,8.07,13.69,18.86,4.48,36.73,43.83,5.7,28.37,35.53,1.25,7.12,7.48,925
E08000026,,,Coventry,6.94,17.74,48.23,27.09,7.37,15.22,4.86,9.01,8.99,14.6,20.88,4.9,43.59,52.88,7.62,23.03,31.15,1.1,7.21,7.53,779
E08000027,,,Dudley ,11.34,17.53,38.53,32.6,7.3,10.77,8.94,13.75,8.62,14.55,20.5,5.31,34.51,42.56,6.18,28.63,36.56,1.35,7.1,7.49,836
E08000028,,,Sandwell ,11.6,17.35,36.57,34.48,7.33,11.58,8.96,14.25,9.34,14.16,20.53,5.25,32.79,40.34,5.98,30.43,38.54,1.35,7.13,7.52,832
E08000029,,,Solihull,8.81,20.27,39.77,31.14,7.3,11.37,6.84,10.79,7.83,17.15,23.39,4.19,36.5,43.04,5.41,27.83,34.46,1.11,7.14,7.46,978
E08000030,,,Walsall,9,16.5,39.73,34.77,7.48,12.77,6.74,11.27,9.78,13.32,19.67,5.43,35.48,43.98,5.85,30.76,38.77,1.16,7.31,7.66,791
E08000031,,,Wolverhampton,7.67,23.2,45.83,23.31,7.14,14.29,5.51,9.82,7.37,19.83,26.56,4.19,42.06,49.6,6.52,20.32,26.29,1.09,6.98,7.29,1005
E10000034,,Worcestershire,,8.87,15.97,42.77,32.4,7.46,13.61,6.49,11.24,9.49,12.99,18.95,5.04,38.53,47.01,6.14,28.49,36.31,1.16,7.29,7.63,795
E07000234,,,Bromsgrove,x,x,x,x,7.21,30.12,x,x,19.85,x,x,15.02,x,x,15.41,x,x,3.82,6.66,7.77,108
E07000235,,,Malvern Hills,x,x,x,x,7.9,36.41,x,x,22.39,x,x,17.23,x,x,15.01,x,x,2.68,7.47,8.33,111
E07000236,,,Redditch,x,x,x,x,7.43,39,x,x,33.98,x,x,12.61,x,x,16.9,x,x,2.79,7.01,7.84,124
E07000237,,,Worcester,x,x,x,x,7.46,27.06,x,x,32.57,x,x,10.27,x,x,15.63,x,x,2.62,7.06,7.85,134
E07000238,,,Wychavon,x,x,x,x,7.39,30.61,x,x,18.12,x,x,10.7,x,x,12.19,x,x,2.32,7.05,7.74,170
E07000239,,,Wyre Forest,x,x,x,x,7.48,33.58,x,x,20.95,x,x,10.63,x,x,14.29,x,x,2.59,7.1,7.87,148
E12000006,EAST,,,9.09,16.77,41.09,33.05,7.43,3.94,8.39,9.79,2.7,15.88,17.65,1.51,39.87,42.3,1.81,31.88,34.22,0.36,7.37,7.48,10090
E06000055,,Bedford UA,,x,x,x,x,7.47,30.45,x,x,17.76,x,x,7.69,x,x,9.7,x,x,1.71,7.22,7.73,261
E06000056,,Central Bedfordshire UA,,11.39,15.89,38.48,34.24,7.39,16.92,7.58,15.2,12.9,11.83,19.94,7.2,33.01,43.95,7.35,29.27,39.22,1.66,7.15,7.63,420
E06000032,,Luton UA,,10.63,19.37,39,30.99,7.29,10.71,8.4,12.87,8.82,16.01,22.73,5.32,34.92,43.09,6.35,27.12,34.87,1.09,7.14,7.45,849
E06000031,,Peterborough UA,,10.88,21.73,38.51,28.87,7.12,12.12,8.29,13.48,8.72,18.01,25.46,6.04,33.93,43.09,7.45,24.64,33.1,1.45,6.92,7.33,761
E06000033,,Southend-on-Sea UA,,9.05,16.62,41.05,33.28,7.43,12.79,6.77,11.32,8.86,13.72,19.52,5.22,36.84,45.27,7.14,28.6,37.95,1.27,7.25,7.62,799
E06000034,,Thurrock UA,,11.53,19.16,37.24,32.07,7.25,11.76,8.86,14.19,9.43,15.61,22.71,5.58,33.15,41.32,6.54,27.95,36.2,1.39,7.06,7.45,783
E10000003,,Cambridgeshire,,8.19,16.72,39.79,35.3,7.51,13.86,5.96,10.42,9.43,13.62,19.82,4.88,35.98,43.61,5.49,31.49,39.12,1.14,7.34,7.67,841
E07000008,,,Cambridge,x,x,x,x,7.29,29.79,x,x,23.35,x,x,10.88,x,x,15.07,x,x,2.81,6.88,7.7,146
E07000009,,,East Cambridgeshire,x,x,x,x,7.58,37.12,x,x,18.03,x,x,13.27,x,x,10.33,x,x,2.66,7.17,7.98,131
E07000010,,,Fenland,x,x,x,x,7.58,43.17,x,x,18.9,x,x,15.2,x,x,14.54,x,x,3.04,7.12,8.05,111
E07000011,,,Huntingdonshire,x,x,x,x,7.76,25.4,x,x,18.17,x,x,9.87,x,x,9.48,x,x,2.02,7.45,8.08,217
E07000012,,,South Cambridgeshire,x,x,x,x,7.35,25.93,x,x,17.17,x,x,7.86,x,x,11.95,x,x,2.23,7.02,7.68,236
E10000012,,Essex,,9.13,17.3,43.25,30.32,7.37,8.59,7.59,10.68,5.73,15.35,19.24,3.2,40.53,45.97,4.24,27.8,32.84,0.76,7.26,7.48,1706
E07000066,,,Basildon,x,x,x,x,7.3,24.29,x,x,15.1,x,x,9.69,x,x,14.4,x,x,2.31,6.97,7.64,183
E07000067,,,Braintree,x,x,x,x,7.32,25.16,x,x,16.81,x,x,8.78,x,x,12.29,x,x,2.24,7,7.65,192
E07000068,,,Brentwood,x,x,x,x,7.25,27.91,x,x,32.12,x,x,19.63,x,x,18.33,x,x,4.33,6.59,7.91,64
E07000069,,,Castle Point,x,x,x,x,7.09,36.21,x,x,27.23,x,x,13.91,x,x,20.42,x,x,4.39,6.45,7.72,94
E07000070,,,Chelmsford,x,x,x,x,7.46,28.35,x,x,17.2,x,x,8.84,x,x,12.13,x,x,1.83,7.19,7.74,226
E07000071,,,Colchester,x,x,x,x,7.46,27.12,x,x,18.4,x,x,7.55,x,x,11.3,x,x,2.06,7.15,7.76,227
E07000072,,,Epping Forest,x,x,x,x,7.48,35.03,x,x,19.89,x,x,10.98,x,x,14.97,x,x,2.37,7.12,7.83,155
E07000073,,,Harlow,x,x,x,x,7.05,24.16,x,x,20.99,x,x,14.84,x,x,16.98,x,x,3.35,6.57,7.53,91
E07000074,,,Maldon,x,x,x,x,6.84,30.96,x,x,21.48,x,x,16.23,x,x,24.46,x,x,5.09,6.12,7.55,96
E07000075,,,Rochford,x,x,x,x,7.4,30.55,x,x,27.07,x,x,13.12,x,x,15.9,x,x,3.18,6.92,7.87,93
E07000076,,,Tendring,x,x,x,x,7.5,27.62,x,x,14.58,x,x,11.37,x,x,11.38,x,x,1.69,7.25,7.75,169
E07000077,,,Uttlesford,x,x,x,x,7.84,37.5,x,x,27.97,x,x,10.19,x,x,14.49,x,x,2.25,7.48,8.19,116
E10000015,,Hertfordshire ,,10.08,16.23,41.61,32.08,7.38,9.1,8.28,11.88,6.31,14.22,18.24,3.6,38.67,44.55,4.63,29.17,35,0.92,7.25,7.51,1387
E07000095,,,Broxbourne,x,x,x,x,7,24.43,x,x,21.42,x,x,14.16,x,x,15.77,x,x,3.56,6.5,7.51,92
E07000096,,,Dacorum,x,x,x,x,7.22,20,x,x,16.56,x,x,10.06,x,x,12.68,x,x,2.92,6.8,7.64,193
E07000097,,,East Hertfordshire,x,x,x,x,7.47,29.76,x,x,17.29,x,x,11.74,x,x,11.94,x,x,2.32,7.13,7.82,172
E07000098,,,Hertsmere,x,x,x,x,7.58,41.56,x,x,24.51,x,x,10.08,x,x,14.53,x,x,2.22,7.24,7.92,115
E07000099,,,North Hertfordshire,x,x,x,x,7.59,26.53,x,x,23.11,x,x,8.82,x,x,11.04,x,x,2.1,7.27,7.91,193
E07000240,,,St Albans,11.99,19.2,38.83,29.99,7.14,19.97,7.2,16.77,16.38,12.91,25.48,11.15,30.17,47.49,14.33,21.4,38.58,2.67,6.76,7.52,173
E07000101,,,Stevenage,x,x,x,x,7.75,44.09,x,x,20.88,x,x,12.47,x,x,13.17,x,x,2.16,7.41,8.08,108
E07000102,,,Three Rivers,x,x,x,x,7.69,71.42,x,x,19.91,x,x,10.4,x,x,16.32,x,x,2.29,7.34,8.05,121
E07000103,,,Watford,x,x,x,x,7.6,39.43,x,x,24.27,x,x,11.98,x,x,16.71,x,x,3.34,7.09,8.12,99
E07000241,,,Welwyn Hatfield,x,x,x,x,6.99,24.28,x,x,21.26,x,x,13.93,x,x,20.86,x,x,4.19,6.41,7.58,121
E10000020,,Norfolk ,,7.5,15.54,40.24,36.72,7.58,11.82,5.76,9.24,7.33,13.3,17.78,4.09,37.01,43.48,4.47,33.49,39.94,0.95,7.43,7.72,1246
E07000143,,,Breckland,x,x,x,x,7.8,32.19,x,x,21.39,x,x,10.09,x,x,9.52,x,x,1.82,7.51,8.08,201
E07000144,,,Broadland,x,x,x,x,7.74,26.73,x,x,18.94,x,x,11.06,x,x,10.57,x,x,2.33,7.38,8.1,183
E07000145,,,Great Yarmouth,x,x,x,x,7.42,36.16,x,x,21.75,x,x,13.54,x,x,14.28,x,x,3.6,6.88,7.96,126
E07000146,,,King’s Lynn and West Norfolk,x,x,x,x,7.39,30.15,x,x,14.62,x,x,8.75,x,x,10.79,x,x,2.7,7,7.79,203
E07000147,,,North Norfolk,x,x,x,x,7.49,26.27,x,x,20.45,x,x,11.91,x,x,13.27,x,x,2.85,7.07,7.92,155
E07000148,,,Norwich,x,x,x,x,7.48,32.25,x,x,17.43,x,x,9.99,x,x,12.74,x,x,2.25,7.14,7.81,199
E07000149,,,South Norfolk,x,x,x,x,7.72,34.06,x,x,18.29,x,x,10.83,x,x,11.16,x,x,2.17,7.39,8.06,179
E10000029,,Suffolk,,8.54,16.5,39.25,35.7,7.5,11.21,6.66,10.43,8.23,13.83,19.18,4.36,35.89,42.62,4.77,32.35,39.04,1.02,7.35,7.65,1037
E07000200,,,Babergh,x,x,x,x,8.23,47.95,x,x,30.51,x,x,18.44,x,x,12.05,x,x,3.23,7.69,8.77,102
E07000201,,,Forest Heath,x,x,x,x,6.87,26.85,x,x,25.93,x,x,15.74,x,x,22.86,x,x,4.3,6.26,7.48,66
E07000202,,,Ipswich,x,x,x,x,7.22,23.17,x,x,16.05,x,x,11.24,x,x,11.32,x,x,2.63,6.85,7.6,194
E07000203,,,Mid Suffolk,x,x,x,x,7.67,32.76,x,x,26.57,x,x,10.35,x,x,10.64,x,x,2.26,7.32,8.02,146
E07000204,,,St Edmundsbury,x,x,x,x,7.56,34.8,x,x,22.02,x,x,9.53,x,x,11.84,x,x,1.94,7.27,7.85,164
E07000205,,,Suffolk Coastal,x,x,x,x,7.47,26.27,x,x,20.29,x,x,9.28,x,x,13.77,x,x,2.08,7.16,7.78,179
E07000206,,,Waveney,x,x,x,x,7.6,27.77,x,x,18.27,x,x,11.85,x,x,11.27,x,x,2.7,7.19,8.01,186
E12000007,LONDON,,,9.55,17.95,42.11,30.39,7.32,3.14,8.96,10.14,2.16,17.19,18.71,1.23,41.09,43.13,1.6,29.44,31.35,0.3,7.28,7.36,13779
E13000001,,Inner London,,9.94,18.56,41.43,30.08,7.29,4.67,9.03,10.84,3.43,17.32,19.81,1.91,39.88,42.98,2.47,28.62,31.53,0.47,7.22,7.35,5865
E09000007,,,Camden,8.16,17.92,51.07,22.85,7.23,18.15,5.24,11.08,11.82,13.74,22.09,4.99,46.04,56.1,9.33,18.65,27.05,1.4,7.03,7.43,455
E09000001,,,City of London,x,x,x,x,7.24,0,0,0,99.06,x,x,48.07,x,x,88.57,x,x,11.48,-3.32,17.8,5
E09000012,,,Hackney ,15.03,19.94,41.06,23.97,6.87,12.73,11.25,18.8,11.68,15.35,24.54,7.05,35.35,46.78,10.33,19.08,28.85,1.9,6.61,7.13,408
E09000013,,,Hammersmith and Fulham ,12.45,20.18,41.23,26.13,7.09,19.25,7.73,17.18,10.68,15.93,24.43,6.58,35.88,46.58,9.75,21.11,31.16,2.15,6.79,7.39,480
E09000014,,,Haringey,12.47,16.5,39.26,31.77,7.29,15.99,8.54,16.41,13.57,12.08,20.92,7.83,33.19,45.32,9.42,25.87,37.67,1.95,7.01,7.57,456
E09000019,,,Islington,8.93,18.99,42.89,29.19,7.2,18.2,5.72,12.13,12.34,14.37,23.61,7.45,36.59,49.2,10.67,23.05,35.34,1.76,6.95,7.45,380
E09000020,,,Kensington and Chelsea,7.35,15.57,41.67,35.42,7.6,18.74,4.64,10.06,11.72,11.97,19.16,6.32,36.48,46.85,7.19,30.4,40.43,1.41,7.39,7.81,580
E09000022,,,Lambeth ,11.56,18.73,40.01,29.71,7.14,15.06,8.12,14.99,11.52,14.46,22.99,6.93,34.52,45.49,8.62,24.65,34.77,1.88,6.87,7.4,367
E09000023,,,Lewisham ,8.1,18.35,43.83,29.72,7.41,17.87,5.24,10.95,11.11,14.33,22.37,6.54,38.18,49.49,8.87,24.51,34.92,1.48,7.2,7.63,425
E09000025,,,Newham ,10.57,15.18,38.55,35.7,7.5,16.38,7.15,13.99,13.14,11.24,19.12,8.94,31.74,45.36,8.58,29.66,41.75,1.82,7.23,7.77,425
E09000028,,,Southwark,10.63,20.56,37.8,31.01,7.27,13.97,7.7,13.55,11.66,15.84,25.29,6.53,32.94,42.66,7.86,26.21,35.81,1.47,7.06,7.48,562
E09000030,,,Tower Hamlets,10.54,17.73,32.6,39.12,7.45,16.8,7.05,14.04,11.34,13.77,21.7,8.41,27.19,38.02,7.35,33.44,44.79,1.86,7.18,7.73,425
E09000032,,,Wandsworth,x,x,x,x,7.51,24.89,x,x,13.97,x,x,6.24,x,x,8.78,x,x,1.57,7.27,7.74,330
E09000033,,,Westminster,9.12,21.22,45.54,24.11,7.11,14.47,6.52,11.72,11.26,16.52,25.93,5.77,40.36,50.72,8.82,19.92,28.3,1.33,6.92,7.29,567
E13000002,,Outer London,,9.3,17.54,42.56,30.6,7.35,4.21,8.53,10.07,2.79,16.59,18.5,1.61,41.21,43.9,2.11,29.34,31.86,0.39,7.29,7.4,7914
E09000002,,,Barking and Dagenham,12.92,20.63,37.95,28.5,7.04,15.05,9.09,16.76,10.32,16.43,24.84,6.54,33.05,42.84,8.57,23.68,33.32,2.09,6.75,7.34,435
E09000003,,,Barnet,6.41,14.72,48.22,30.65,7.53,19.85,3.9,8.93,13.05,10.92,18.52,7.77,40.81,55.62,10.27,24.43,36.87,1.36,7.33,7.73,349
E09000004,,,Bexley,12.48,16.72,38.06,32.73,7.29,16.2,8.49,16.48,12.26,12.67,20.77,6.62,33.09,43.04,8.4,27.31,38.16,1.76,7.04,7.54,403
E09000005,,,Brent ,7.36,20.62,49.71,22.31,7.22,18.66,4.65,10.06,10.53,16.34,24.9,5.11,44.71,54.71,9.48,18.15,26.48,1.44,7.01,7.42,573
E09000006,,,Bromley,7.77,14.7,43.26,34.27,7.55,17.12,5.15,10.4,11.29,11.43,17.97,5.54,38.53,47.98,6.33,29.99,38.55,1.37,7.34,7.75,535
E09000008,,,Croydon,9.51,18.55,38.95,32.99,7.31,16.79,6.36,12.66,11.48,14.34,22.76,7.1,33.49,44.41,8.32,27.57,38.41,1.75,7.06,7.56,394
E09000009,,,Ealing,12.8,16.2,40.71,30.29,7.22,15.09,8.99,16.62,12.84,12.09,20.31,7.08,35.01,46.4,9.41,24.66,35.92,1.83,6.96,7.48,370
E09000010,,,Enfield,x,x,x,x,7.41,20.51,x,x,11.82,x,x,6.24,x,x,9.33,x,x,1.31,7.22,7.6,378
E09000011,,,Greenwich,10.29,17.38,39.82,32.51,7.31,15.72,7.1,13.49,11.61,13.4,21.37,6.77,34.49,45.14,8.81,26.86,38.16,1.76,7.06,7.57,391
E09000015,,,Harrow,x,x,x,x,7.5,20.32,x,x,10.92,x,x,4.74,x,x,8.79,x,x,1.15,7.33,7.67,542
E09000016,,,Havering,13.14,12.08,41.25,33.53,7.34,15.43,9.14,17.15,13.76,8.79,15.36,6.74,35.77,46.74,8.95,27.6,39.45,1.84,7.07,7.6,404
E09000017,,,Hillingdon,x,x,x,x,7.41,20.92,x,x,12.11,x,x,7.58,x,x,8.28,x,x,1.64,7.17,7.65,413
E09000018,,,Hounslow,x,x,x,x,7.52,21.83,x,x,12.3,x,x,8.74,x,x,8.75,x,x,1.85,7.25,7.79,382
E09000021,,,Kingston upon Thames,x,x,x,x,7.51,20.79,x,x,14.92,x,x,6.94,x,x,8.49,x,x,1.75,7.25,7.77,411
E09000024,,,Merton,x,x,x,x,7.17,20.29,x,x,12.54,x,x,9.36,x,x,11.28,x,x,2.29,6.85,7.5,364
E09000026,,,Redbridge,11.42,18.66,38.83,31.09,7.24,15.27,7.98,14.87,10.9,14.64,22.67,6.61,33.77,43.9,8.76,25.71,36.46,1.73,6.99,7.49,451
E09000027,,,Richmond upon Thames,6.41,14.22,51.1,28.28,7.54,19.11,3.99,8.83,14.08,10.27,18.17,5.33,45.73,56.47,8.42,23.58,32.97,1.22,7.36,7.73,434
E09000029,,,Sutton,x,x,x,x,7.25,22.5,x,x,11.47,x,x,7.86,x,x,10.55,x,x,1.85,6.98,7.51,317
E09000031,,,Waltham Forest,10.33,23.77,35.87,30.04,7.11,17.72,6.71,13.94,9.9,19.12,28.41,7.91,30.27,41.48,8.78,24.82,35.25,1.69,6.87,7.35,368
E12000008,SOUTH EAST,,,8.36,16.96,41.64,33.03,7.46,3.27,7.83,8.9,2.19,16.23,17.69,1.18,40.68,42.61,1.4,32.12,33.94,0.27,7.42,7.5,19444
E06000036,,Bracknell Forest UA,,11.7,15.91,42.39,30,7.25,11.15,9.13,14.26,8.6,13.22,18.6,4.69,38.48,46.3,6.48,26.18,33.82,1.22,7.07,7.42,905
E06000043,,Brighton and Hove UA,,10.25,18.29,42.89,28.57,7.26,12.41,7.75,12.75,8.04,15.4,21.18,4.85,38.8,46.97,6.63,24.85,32.3,1.26,7.08,7.44,959
E06000046,,Isle of Wight UA,,8.42,15.89,38.37,37.32,7.57,10.5,6.68,10.16,7.57,13.53,18.25,4.14,35.25,41.49,4.2,34.24,40.4,0.91,7.44,7.71,1303
E06000035,,Medway UA,,11.39,18.5,36.22,33.88,7.29,12.54,8.58,14.2,8.79,15.31,21.7,5.39,32.38,40.06,5.57,30.17,37.59,1.29,7.1,7.47,895
E06000042,,Milton Keynes UA,,9.33,16,44.98,29.7,7.33,11.54,7.21,11.44,9.18,13.11,18.89,3.9,41.53,48.42,5.65,26.4,33,1.1,7.17,7.49,951
E06000044,,Portsmouth UA,,8.29,17.85,42.41,31.45,7.43,12.24,6.3,10.29,9.29,14.59,21.11,4.98,38.26,46.56,6.95,27.15,35.75,1.07,7.28,7.59,934
E06000038,,Reading UA,,5.79,19.05,45.81,29.34,7.47,15.23,4.06,7.53,9.29,15.57,22.53,4.54,41.73,49.9,5.93,25.92,32.77,0.93,7.33,7.6,906
E06000039,,Slough UA,,10.89,17.92,38.48,32.72,7.34,11.84,8.35,13.43,10.81,14.11,21.73,6.08,33.88,43.08,6.52,28.52,36.91,1.4,7.14,7.54,762
E06000045,,Southampton UA,,11.12,18.31,42.61,27.97,7.2,14.55,7.94,14.3,10.99,14.35,22.27,5.93,37.64,47.57,7,24.12,31.82,1.54,6.98,7.42,941
E06000037,,West Berkshire UA,,7.54,17.58,40.9,33.98,7.51,17.04,5.01,10.06,8.77,14.55,20.61,5.1,36.8,45.01,6.69,29.51,38.45,1.27,7.32,7.7,818
E06000040,,Windsor and Maidenhead UA,,7.49,14.3,44.87,33.33,7.58,12.67,5.62,9.36,9.62,11.6,17.01,4.22,41.15,48.59,5.76,29.56,37.11,0.96,7.43,7.72,922
E06000041,,Wokingham UA,,6.47,15.3,45.26,32.96,7.56,15.36,4.52,8.43,10.43,12.16,18.44,4.92,40.88,49.64,7.18,28.31,37.62,1.13,7.4,7.73,722
E10000002,,Buckinghamshire,,8.51,17.28,41.2,33.01,7.43,13.18,6.3,10.71,8.16,14.51,20.05,4.58,37.49,44.91,5.56,29.41,36.62,1.09,7.27,7.59,832
E07000004,,,Aylesbury Vale,x,x,x,x,7.45,22.86,x,x,14.06,x,x,7.15,x,x,9.26,x,x,1.81,7.18,7.71,287
E07000005,,,Chiltern,x,x,x,x,7.49,30.83,x,x,17.97,x,x,11.31,x,x,13.62,x,x,2.31,7.15,7.84,172
E07000006,,,South Bucks,x,x,x,x,7.7,42.05,x,x,26.84,x,x,12.73,x,x,14.7,x,x,3.25,7.2,8.21,110
E07000007,,,Wycombe,x,x,x,x,7.28,20.54,x,x,13.94,x,x,8.42,x,x,9.62,x,x,1.97,6.99,7.56,263
E10000011,,East Sussex,,8.85,14.1,43.75,33.3,7.49,12.27,6.71,10.98,8.66,11.7,16.51,4.68,39.72,47.77,5.55,29.67,36.93,1.02,7.34,7.64,914
E07000061,,,Eastbourne,x,x,x,x,7.45,26.33,x,x,15.81,x,x,10.71,x,x,14.24,x,x,2.22,7.12,7.78,159
E07000062,,,Hastings,x,x,x,x,7.34,28.14,x,x,31.41,x,x,13.55,x,x,15.08,x,x,3.06,6.88,7.79,134
E07000063,,,Lewes,x,x,x,x,7.68,33.29,x,x,20.24,x,x,10.87,x,x,11.28,x,x,2.66,7.27,8.08,173
E07000064,,,Rother,x,x,x,x,7.59,25.65,x,x,25.36,x,x,10.78,x,x,11.48,x,x,2.18,7.25,7.92,163
E07000065,,,Wealden,x,x,x,x,7.44,21.77,x,x,13.88,x,x,7.6,x,x,10.03,x,x,1.61,7.2,7.68,285
E10000014,,Hampshire,,8.11,16.35,41.16,34.38,7.48,9.85,6.54,9.68,6.51,14.26,18.44,3.31,38.48,43.83,3.73,31.86,36.9,0.79,7.37,7.6,1638
E07000084,,,Basingstoke and Deane,x,x,x,x,7.29,23.1,x,x,14.67,x,x,9.18,x,x,12.85,x,x,2.02,7,7.58,215
E07000085,,,East Hampshire,x,x,x,x,7.01,26.37,x,x,18.05,x,x,9.75,x,x,15.98,x,x,3.38,6.53,7.48,138
E07000086,,,Eastleigh,x,x,x,x,7.65,24.11,x,x,23.35,x,x,11.59,x,x,9.7,x,x,2.44,7.28,8.03,151
E07000087,,,Fareham,x,x,x,x,7.65,54.88,x,x,22.22,x,x,13.72,x,x,11.35,x,x,2.16,7.32,7.99,125
E07000088,,,Gosport,x,x,x,x,7.41,41.94,x,x,37.88,x,x,16.39,x,x,14.17,x,x,5.3,6.61,8.2,91
E07000089,,,Hart,x,x,x,x,7.61,35.58,x,x,22.02,x,x,15.64,x,x,13.08,x,x,2.42,7.24,7.98,116
E07000090,,,Havant,x,x,x,x,7.3,29.76,x,x,28.66,x,x,8.3,x,x,12.96,x,x,2.79,6.9,7.71,161
E07000091,,,New Forest,x,x,x,x,7.76,27.01,x,x,17.6,x,x,8.54,x,x,8.98,x,x,1.88,7.47,8.05,234
E07000092,,,Rushmoor,x,x,x,x,7.58,44.2,x,x,21.47,x,x,10.94,x,x,13.95,x,x,2.45,7.2,7.95,112
E07000093,,,Test Valley,x,x,x,x,7.43,33.82,x,x,19.49,x,x,11.42,x,x,14.31,x,x,2.52,7.05,7.81,148
E07000094,,,Winchester,x,x,x,x,7.59,33.64,x,x,23.4,x,x,10.46,x,x,13.32,x,x,2.28,7.24,7.93,147
E10000016,,Kent,,8.99,17.89,40.04,33.08,7.43,8.56,7.48,10.5,5.88,15.83,19.96,3.34,37.41,42.67,3.99,30.49,35.67,0.78,7.31,7.54,1734
E07000105,,,Ashford,x,x,x,x,7.58,22.97,x,x,23.28,x,x,9.89,x,x,11.31,x,x,2.25,7.24,7.92,176
E07000106,,,Canterbury,x,x,x,x,7.32,28.3,x,x,15.73,x,x,11.45,x,x,13.89,x,x,2.86,6.91,7.74,185
E07000107,,,Dartford,x,x,x,x,6.81,21.94,x,x,26.65,x,x,12.05,x,x,21.78,x,x,3.69,6.3,7.32,101
E07000108,,,Dover,x,x,x,x,7.39,27.31,x,x,22.94,x,x,11.33,x,x,13.76,x,x,2.3,7.05,7.73,131
E07000109,,,Gravesham,x,x,x,x,7.61,54.42,x,x,21.13,x,x,15,x,x,14.69,x,x,3.03,7.14,8.08,92
E07000110,,,Maidstone,x,x,x,x,7.58,33.92,x,x,16.86,x,x,10.42,x,x,11.6,x,x,2.41,7.22,7.95,189
E07000111,,,Sevenoaks,x,x,x,x,7.38,32.8,x,x,23.01,x,x,9.96,x,x,14.75,x,x,3.03,6.93,7.83,128
E07000112,,,Shepway,x,x,x,x,7.61,33.33,x,x,21.02,x,x,11.98,x,x,12.69,x,x,2.6,7.22,8.01,149
E07000113,,,Swale,x,x,x,x,7.41,23.9,x,x,15.66,x,x,11.92,x,x,11.75,x,x,2.07,7.11,7.72,180
E07000114,,,Thanet,x,x,x,x,7.48,34.51,x,x,17.6,x,x,13.66,x,x,13.27,x,x,2.5,7.11,7.86,146
E07000115,,,Tonbridge and Malling,x,x,x,x,7.62,30.21,x,x,28.34,x,x,10.97,x,x,14.72,x,x,2.35,7.26,7.98,120
E07000116,,,Tunbridge Wells,x,x,x,x,7.15,25.92,x,x,20.84,x,x,10.76,x,x,12.84,x,x,3,6.72,7.57,137
E10000025,,Oxfordshire ,,8.02,18.7,44.42,28.86,7.36,12.69,6.02,10.02,8.06,15.74,21.66,4.97,40.07,48.76,6.38,25.24,32.48,1.06,7.21,7.52,888
E07000177,,,Cherwell,x,x,x,x,7.44,27.3,x,x,16.26,x,x,10.29,x,x,11.32,x,x,2.35,7.09,7.79,178
E07000178,,,Oxford,x,x,x,x,7.2,26.73,x,x,19.05,x,x,11.42,x,x,19.46,x,x,2.3,6.87,7.53,161
E07000179,,,South Oxfordshire,x,x,x,x,7.64,30.45,x,x,17.36,x,x,8.66,x,x,11.12,x,x,2.05,7.33,7.95,218
E07000180,,,Vale of White Horse,x,x,x,x,7.06,24.03,x,x,15.81,x,x,8.7,x,x,15.02,x,x,2.55,6.7,7.42,175
E07000181,,,West Oxfordshire,x,x,x,x,7.55,30,x,x,17.46,x,x,12.07,x,x,13.27,x,x,2.33,7.2,7.9,156
E10000030,,Surrey,,6.57,16.51,43.05,33.87,7.55,12.95,4.9,8.24,6.88,14.28,18.74,3.55,40.05,46.06,4.24,31.05,36.69,0.79,7.44,7.67,1422
E07000207,,,Elmbridge,x,x,x,x,7.56,37.24,x,x,15.64,x,x,9.95,x,x,12.25,x,x,1.97,7.27,7.86,177
E07000208,,,Epsom and Ewell,x,x,x,x,7.36,79.98,x,x,36.72,x,x,19.22,x,x,25.61,x,x,5.04,6.61,8.12,87
E07000209,,,Guildford,x,x,x,x,7.36,26.71,x,x,17.72,x,x,10.56,x,x,11.34,x,x,2.38,7.01,7.71,159
E07000210,,,Mole Valley,x,x,x,x,7.56,37.2,x,x,25.68,x,x,10.17,x,x,16.42,x,x,2.59,7.16,7.95,109
E07000211,,,Reigate and Banstead,7.41,17.47,42.35,32.77,7.49,19.39,4.54,10.29,18.38,11.05,23.89,10.38,33.56,51.15,13.04,24.22,41.31,1.97,7.2,7.79,154
E07000212,,,Runnymede,x,x,x,x,7.61,39.29,x,x,32.03,x,x,14.97,x,x,18.67,x,x,3.21,7.11,8.11,96
E07000213,,,Spelthorne,x,x,x,x,7.64,35.46,x,x,20.17,x,x,11.59,x,x,10.87,x,x,2.37,7.28,8.01,130
E07000214,,,Surrey Heath,x,x,x,x,7.72,54.15,x,x,26.64,x,x,9.39,x,x,13.77,x,x,2,7.4,8.03,131
E07000215,,,Tandridge,x,x,x,x,7.86,34.11,x,x,26.37,x,x,12.54,x,x,11.67,x,x,2.65,7.44,8.28,102
E07000216,,,Waverley,x,x,x,x,7.41,29.41,x,x,18.9,x,x,8.98,x,x,12.01,x,x,2.16,7.09,7.73,160
E07000217,,,Woking,x,x,x,x,7.7,34.15,x,x,24.21,x,x,11.89,x,x,13.02,x,x,2.63,7.29,8.11,117
E10000032,,West Sussex,,7.64,16.22,38.74,37.4,7.61,11.66,5.89,9.39,8.49,13.51,18.93,4.38,35.4,42.07,4.52,34.08,40.72,0.92,7.48,7.75,998
E07000223,,,Adur,x,x,x,x,7.85,42.56,x,x,40.47,x,x,14.1,x,x,15.66,x,x,3.36,7.31,8.39,67
E07000224,,,Arun,x,x,x,x,7.42,21.09,x,x,21.26,x,x,9.6,x,x,12.14,x,x,2.35,7.07,7.77,180
E07000225,,,Chichester,x,x,x,x,7.7,32.54,x,x,25.04,x,x,13.64,x,x,10.57,x,x,2.15,7.37,8.03,146
E07000226,,,Crawley,x,x,x,x,7.69,34.62,x,x,21.07,x,x,14.61,x,x,10.59,x,x,2.6,7.29,8.1,124
E07000227,,,Horsham,x,x,x,x,7.35,28.93,x,x,17.22,x,x,9.08,x,x,15.86,x,x,2.59,6.97,7.73,165
E07000228,,,Mid Sussex,x,x,x,x,7.84,31.19,x,x,18.11,x,x,11.08,x,x,9.06,x,x,1.82,7.56,8.13,187
E07000229,,,Worthing,x,x,x,x,7.6,38.07,x,x,25.72,x,x,11.8,x,x,12.68,x,x,2.57,7.21,7.99,129
E12000009,SOUTH WEST,,,9.71,16.45,41.02,32.83,7.41,3.55,9.03,10.38,2.53,15.63,17.26,1.37,39.91,42.12,1.67,31.75,33.9,0.32,7.36,7.46,13336
E06000022,,Bath and North East Somerset UA,,8.43,19.11,43.83,28.63,7.3,13.57,6.18,10.68,7.35,16.35,21.87,4.65,39.82,47.83,6.22,25.13,32.13,1.12,7.14,7.46,1026
E06000028,,Bournemouth UA,,11.5,20.33,41.23,26.93,7.14,11.19,8.97,14.03,7.59,17.3,23.37,4.91,37.25,45.21,6.94,23.26,30.61,1.26,6.96,7.31,912
E06000023,,"Bristol, City of UA",,11.91,17.95,41.95,28.2,7.12,11.81,9.14,14.68,9.78,14.49,21.4,4.88,37.92,45.98,7.23,24.18,32.21,1.39,6.92,7.31,737
E06000052,,Cornwall UA,,11.26,16.14,33.31,39.29,7.49,10.85,8.86,13.66,8.24,13.53,18.76,5.47,29.73,36.89,5.03,35.4,43.18,1.16,7.32,7.67,955
E06000053,,Isles of Scilly UA,,#,#,#,#,#,#,#,#,#,#,#,#,#,#,#,#,#,#,#,#,#
E06000024,,North Somerset UA,,9.35,16.66,42.08,31.92,7.38,13.18,6.92,11.77,9.31,13.61,19.71,5.17,37.79,46.36,6.26,27.99,35.85,1.24,7.2,7.56,795
E06000026,,Plymouth UA,,10.19,17.04,39.52,33.25,7.39,12.07,7.78,12.61,9.56,13.83,20.24,5.31,35.39,43.65,7.23,28.52,37.97,1.26,7.21,7.58,1058
E06000029,,Poole UA,,9.34,17.67,42.59,30.4,7.4,13.54,6.85,11.82,8.29,14.79,20.55,4.38,38.92,46.26,5.85,26.9,33.9,1.16,7.23,7.57,893
E06000025,,South Gloucestershire UA,,8.37,15.59,43.81,32.24,7.52,16.42,5.66,11.08,10.85,12.26,18.92,5.17,39.34,48.27,6.57,28.07,36.4,1.19,7.34,7.69,713
E06000030,,Swindon UA,,11.72,18.54,35.91,33.83,7.23,12.56,8.82,14.62,9.59,15.04,22.04,5.68,31.9,39.92,6.23,29.68,37.98,1.47,7.02,7.44,779
E06000027,,Torbay UA,,12.78,16.4,39.06,31.76,7.24,10.47,10.15,15.41,8.8,13.56,19.24,4.89,35.3,42.81,5.6,28.26,35.26,1.25,7.06,7.41,1037
E06000054,,Wiltshire UA,,7.93,16.69,41.76,33.62,7.49,13.14,5.88,9.98,8.72,13.83,19.55,4.55,38.03,45.5,5.49,29.99,37.25,0.97,7.35,7.63,912
E10000008,,Devon,,8.51,15.05,45.06,31.38,7.46,12.79,6.37,10.65,8.18,12.63,17.47,4.02,41.49,48.62,5.15,28.21,34.56,0.95,7.32,7.6,967
E07000040,,,East Devon,x,x,x,x,7.76,33.35,x,x,20.63,x,x,8.9,x,x,10.72,x,x,1.83,7.47,8.04,156
E07000041,,,Exeter,x,x,x,x,7.5,39.2,x,x,22.13,x,x,10.26,x,x,16.35,x,x,2.26,7.15,7.84,133
E07000042,,,Mid Devon,x,x,x,x,7.4,34.42,x,x,25.4,x,x,12.74,x,x,13.67,x,x,2.69,7,7.8,106
E07000043,,,North Devon,x,x,x,x,7.42,35.34,x,x,20.71,x,x,11.51,x,x,14.23,x,x,3.11,6.96,7.89,115
E07000044,,,South Hams,x,x,x,x,7.47,35.87,x,x,21.95,x,x,8.43,x,x,14.2,x,x,2.41,7.1,7.83,133
E07000045,,,Teignbridge,x,x,x,x,7.46,30.7,x,x,22.3,x,x,10.01,x,x,11.89,x,x,2.63,7.06,7.85,174
E07000046,,,Torridge,x,x,x,x,6.84,28.87,x,x,25.32,x,x,15.37,x,x,21.02,x,x,4.38,6.23,7.46,73
E07000047,,,West Devon,x,x,x,x,7.53,43.3,x,x,30.36,x,x,16.03,x,x,18.03,x,x,3.11,7.05,8.01,77
E10000009,,Dorset,,9.21,13.68,42.11,35,7.56,12.74,6.9,11.52,8.99,11.26,16.1,4.28,38.57,45.65,5.27,31.37,38.63,1.09,7.4,7.73,965
E07000048,,,Christchurch,x,x,x,x,7.03,23.77,x,x,16.98,x,x,12.46,x,x,16.72,x,x,2.77,6.64,7.42,128
E07000049,,,East Dorset,x,x,x,x,7.6,26.59,x,x,21.04,x,x,9.78,x,x,10.47,x,x,2.28,7.25,7.94,203
E07000050,,,North Dorset,x,x,x,x,8.06,53.07,x,x,29.7,x,x,9.42,x,x,9.82,x,x,2.51,7.65,8.46,158
E07000051,,,Purbeck,x,x,x,x,7.51,33.07,x,x,22.61,x,x,15.62,x,x,14.93,x,x,3.47,6.99,8.04,117
E07000052,,,West Dorset,x,x,x,x,7.51,28.66,x,x,21.71,x,x,8.3,x,x,12.23,x,x,2.52,7.14,7.89,230
E07000053,,,Weymouth and Portland,x,x,x,x,7.54,32,x,x,20.41,x,x,10.82,x,x,15.29,x,x,2.58,7.15,7.93,129
E10000013,,Gloucestershire,,8.5,17.54,39.85,34.11,7.47,12.15,6.47,10.54,8.58,14.58,20.49,4.93,35.99,43.71,5.68,30.3,37.92,1.03,7.32,7.62,801
E07000078,,,Cheltenham,x,x,x,x,7.49,35.01,x,x,19.44,x,x,12.41,x,x,12.2,x,x,2.37,7.13,7.84,161
E07000079,,,Cotswold,x,x,x,x,8.03,49.54,x,x,28.06,x,x,11.45,x,x,10.29,x,x,1.91,7.72,8.34,128
E07000080,,,Forest of Dean,x,x,x,x,7.29,33.81,x,x,18.6,x,x,12.09,x,x,20.92,x,x,3.01,6.85,7.74,104
E07000081,,,Gloucester,x,x,x,x,7.27,20.43,x,x,22.98,x,x,12.53,x,x,13.55,x,x,2.65,6.88,7.66,156
E07000082,,,Stroud,x,x,x,x,7.29,29.57,x,x,16.28,x,x,12.58,x,x,13.9,x,x,2.8,6.88,7.7,135
E07000083,,,Tewkesbury,x,x,x,x,7.6,35.87,x,x,25.05,x,x,10.13,x,x,15.69,x,x,2.59,7.2,8,117
E10000027,,Somerset ,,10.08,14.74,42.25,32.94,7.48,12.44,7.61,12.55,9.76,11.91,17.56,4.79,38.27,46.22,5.59,29.31,36.56,1.17,7.31,7.65,786
E07000187,,,Mendip,x,x,x,x,7.57,31.52,x,x,23.71,x,x,10.13,x,x,12.15,x,x,2.86,7.14,8.01,182
E07000188,,,Sedgemoor,x,x,x,x,7.35,24.55,x,x,21.32,x,x,11.24,x,x,11.23,x,x,3.14,6.89,7.81,173
E07000189,,,South Somerset,x,x,x,x,7.48,25.68,x,x,16.25,x,x,8.79,x,x,10.97,x,x,1.81,7.21,7.75,232
E07000190,,,Taunton Deane,x,x,x,x,7.43,22.15,x,x,19.18,x,x,10.13,x,x,11.85,x,x,2.07,7.13,7.74,146
E07000191,,,West Somerset,x,x,x,x,7.75,48.78,x,x,51.98,x,x,17.04,x,x,20.91,x,x,4.5,7.02,8.48,53
W92000004,WALES,,,10.17,16.85,39.59,33.39,7.39,2.85,9.6,10.74,2.2,16.13,17.58,1.45,38.46,40.71,1.6,32.34,34.43,0.29,7.35,7.43,19679
W06000001,,,Isle of Anglesey / Ynys Môn,9.94,13.5,38.95,37.62,7.53,11.08,7.77,12.1,8.66,11.2,15.79,4.76,35.3,42.59,4.98,33.94,41.3,1.1,7.37,7.69,893
W06000002,,,Gwynedd / Gwynedd,7.95,18.95,45.45,27.65,7.33,12.29,6.03,9.87,8.73,15.69,22.2,4.15,41.74,49.15,6.02,24.38,30.93,1.07,7.18,7.49,873
W06000003,,,Conwy / Conwy,8.39,16.72,38.2,36.69,7.56,10.17,6.71,10.07,7.59,14.23,19.21,4.58,34.76,41.64,4.71,33.3,40.09,0.89,7.43,7.69,1115
W06000004,,,Denbighshire / Sir Ddinbych,8.76,17.78,38.48,34.98,7.48,12.4,6.63,10.9,7.77,15.06,20.5,4.42,35.14,41.83,4.51,31.88,38.08,0.96,7.34,7.63,1034
W06000005,,,Flintshire / Sir y Fflint,9.8,14.4,41.24,34.56,7.47,13.21,7.26,12.35,10.55,11.41,17.39,4.77,37.37,45.11,5.89,30.55,38.56,1.28,7.28,7.65,880
W06000006,,,Wrexham / Wrecsam,9.28,15.36,35.46,39.9,7.6,12.21,7.05,11.51,9.09,12.61,18.1,5.67,31.51,39.42,5.28,35.76,44.04,1.19,7.43,7.78,900
W06000023,,,Powys / Powys,8.39,16.05,39.3,36.26,7.51,11.97,6.42,10.37,8.23,13.45,18.64,4.37,35.93,42.68,4.89,32.77,39.74,1.09,7.35,7.67,945
W06000008,,,Ceredigion / Ceredigion,7.91,14.29,39.96,37.84,7.63,11.51,6.12,9.69,9.97,11.49,17.1,5.4,35.72,44.2,5.46,33.78,41.9,1.02,7.48,7.78,977
W06000009,,,Pembrokeshire / Sir Benfro,8.6,13.04,46.33,32.03,7.55,11.53,6.65,10.55,9.38,10.64,15.45,4.21,42.49,50.16,5.42,28.61,35.44,0.97,7.41,7.7,919
W06000010,,,Carmarthenshire / Sir Gaerfyrddin,13.11,14.25,41.75,30.89,7.22,10.04,10.52,15.69,8.84,11.78,16.73,4.84,37.77,45.72,5.83,27.35,34.43,1.21,7.05,7.39,912
W06000011,,,Swansea / Abertawe,9.75,20.65,40.09,29.51,7.28,11.8,7.49,12.01,7.37,17.66,23.64,4.4,36.62,43.56,5.92,26.08,32.94,1.12,7.12,7.44,977
W06000012,,,Neath Port Talbot / Castell-nedd Port Talbot,11.64,16.77,35.03,36.56,7.38,10.71,9.19,14.09,7.94,14.15,19.39,5.67,31.12,38.94,5.45,32.64,40.47,1.26,7.2,7.56,886
W06000013,,,Bridgend / Pen-y-bont ar Ogwr,10.42,15.68,36.23,37.67,7.48,10.88,8.19,12.65,10.56,12.42,18.94,5.37,32.4,40.06,5.23,33.8,41.55,1.2,7.3,7.65,839
W06000014,,,The Vale of Glamorgan / Bro Morgannwg,8.57,19.08,40.05,32.3,7.41,11.69,6.6,10.54,7.76,16.17,21.99,4.85,36.24,43.87,5.5,28.8,35.79,0.98,7.27,7.55,908
W06000015,,,Cardiff / Caerdydd,8.16,18.43,42.59,30.81,7.39,13.35,6.02,10.31,9.29,15.06,21.79,7.61,36.22,48.97,9.47,25.08,36.55,1.23,7.21,7.57,892
W06000016,,,Rhondda Cynon Taf / Rhondda Cynon Taf,14.28,15.9,36,33.82,7.31,11.13,11.15,17.4,9.12,13.05,18.75,6.85,31.15,40.85,6.53,29.48,38.17,1.46,7.1,7.52,862
W06000024,,,Merthyr Tydfil / Merthyr Tudful,13.13,16.73,36.18,33.96,7.26,11.14,10.25,16.01,12.51,12.61,20.85,6.05,31.87,40.49,7.19,29.15,38.76,1.66,7.02,7.49,626
W06000018,,,Caerphilly / Caerffili,11.38,19.73,35.87,33.01,7.25,12.11,8.67,14.09,8.5,16.43,23.03,5.39,32.07,39.67,5.33,29.56,36.47,1.28,7.06,7.43,924
W06000019,,,Blaenau Gwent / Blaenau Gwent,12.43,17.55,37.19,32.82,7.27,11.52,9.61,15.25,9.83,14.16,20.95,5.91,32.87,41.52,6.84,28.4,37.24,1.59,7.04,7.5,683
W06000020,,,Torfaen / Tor-faen,11.46,17.55,39.48,31.51,7.21,12.28,8.69,14.23,8.33,14.67,20.42,4.69,35.84,43.12,5.62,28.03,35,1.49,7,7.42,883
W06000021,,,Monmouthshire / Sir Fynwy,9.03,15.5,43.87,31.6,7.39,13.01,6.72,11.34,8.7,12.85,18.15,4.24,40.21,47.53,5.44,28.22,34.99,1.26,7.21,7.57,964
W06000022,,,Newport / Casnewydd,11.28,15.93,39.92,32.86,7.35,11.89,8.64,13.92,10.92,12.51,19.36,5.48,35.62,44.23,6.74,28.51,37.22,1.41,7.15,7.55,787
S92000003,SCOTLAND,,,9.76,16.47,41.46,32.32,7.38,2.98,9.19,10.33,2.14,15.78,17.16,1.16,40.51,42.41,1.43,31.41,33.22,0.28,7.34,7.42,23131
S12000033,,,Aberdeen City,9.09,14.74,44.39,31.78,7.43,15.63,6.29,11.89,11.53,11.4,18.08,5.71,39.4,49.37,8.97,26.18,37.39,1.4,7.22,7.63,761
S12000034,,,Aberdeenshire,7.59,13.89,42.79,35.72,7.62,14.39,5.44,9.75,11.7,10.69,17.09,5.19,38.42,47.17,5.89,31.58,39.86,1.14,7.44,7.79,657
S12000041,,,Angus,9.99,17.43,39.16,33.42,7.39,13.46,7.34,12.63,10.95,13.68,21.19,6.15,34.42,43.89,6.65,29.05,37.79,1.33,7.2,7.59,722
S12000035,,,Argyll and Bute,8.94,15.29,43.92,31.85,7.46,13.16,6.63,11.25,9.59,12.41,18.17,4.27,40.23,47.6,5.63,28.33,35.38,1.07,7.3,7.62,914
S12000005,,,Clackmannanshire,x,x,x,x,7.41,21.29,x,x,14.41,x,x,8.11,x,x,9.43,x,x,1.98,7.12,7.7,288
S12000006,,,Dumfries and Galloway,7.81,15.44,41.65,35.09,7.54,12.57,5.88,9.74,8.19,12.96,17.93,3.91,38.45,44.85,4.82,31.77,38.41,0.96,7.4,7.68,1069
S12000042,,,Dundee City,13.37,18.63,38.47,29.52,7.09,12.42,10.11,16.64,10.42,14.82,22.45,6.13,33.84,43.11,7.39,25.23,33.81,1.68,6.85,7.32,935
S12000008,,,East Ayrshire,11.45,17.88,39.13,31.55,7.31,14.97,8.08,14.82,9.02,14.71,21.05,5.2,35.12,43.13,6.41,27.57,35.53,1.6,7.08,7.54,791
S12000045,,,East Dunbartonshire,7.78,15.97,40.91,35.35,7.59,14.31,5.59,9.97,9.63,12.94,19,4.8,37.04,44.77,5.69,31.39,39.31,1.12,7.43,7.76,735
S12000010,,,East Lothian,10.14,14.34,45.46,30.07,7.36,12.61,7.62,12.65,11.28,11.15,17.52,4.72,41.24,49.68,6.86,26.01,34.13,1.18,7.18,7.53,721
S12000011,,,East Renfrewshire,6.72,17.01,47.6,28.68,7.48,14.5,4.8,8.64,9.34,13.88,20.13,4.88,43.03,52.16,6.88,24.79,32.56,1.02,7.32,7.63,676
S12000036,,,City of Edinburgh,7.86,15.16,45.43,31.56,7.48,14.96,5.55,10.18,9.71,12.26,18.05,4.66,41.26,49.59,6.47,27.54,35.57,1.08,7.32,7.64,739
*,,"Eilean Siar, Orkney & Shetland",,5.85,12.7,37.04,44.41,7.95,19.01,3.66,8.04,11.17,9.91,15.49,5.89,32.74,41.33,5.2,39.87,48.96,1.12,7.78,8.13,617
S12000013,,,Eilean Siar,x,x,x,x,8.02,28.47,x,x,15.17,x,x,8.69,x,x,7.5,x,x,1.54,7.77,8.26,267
S12000023,,,Orkney Islands,x,x,x,x,8.06,34.89,x,x,22.22,x,x,11.15,x,x,9.29,x,x,1.63,7.8,8.32,190
S12000027,,,Shetland Islands,x,x,x,x,7.78,31.91,x,x,22.51,x,x,11.21,x,x,10.66,x,x,2.58,7.38,8.18,160
S12000014,,,Falkirk,7.3,14.4,45.23,33.07,7.56,13.58,5.35,9.25,9.7,11.65,17.15,4.6,41.13,49.32,6,29.17,36.97,1.02,7.41,7.71,839
S12000015,,,Fife,10.07,18.23,40.46,31.24,7.32,11.71,7.75,12.39,8.53,15.18,21.29,5.16,36.35,44.57,6.29,27.37,35.1,1.21,7.14,7.49,821
S12000046,,,Glasgow City,12.19,17.98,41.27,28.57,7.11,11.41,9.45,14.92,8.88,14.84,21.12,5.18,37.06,45.48,6.92,24.68,32.46,1.37,6.92,7.31,647
S12000017,,,Highland,8.07,15.22,38.21,38.49,7.61,14.58,5.76,10.38,8.35,12.72,17.72,4.99,34.47,41.96,4.5,35.09,41.9,1.16,7.44,7.78,834
S12000018,,,Inverclyde,12.79,16.21,36.31,34.68,7.29,10.38,10.18,15.4,10.61,12.83,19.59,5.54,32.36,40.27,6.06,30.55,38.82,1.45,7.08,7.5,792
S12000019,,,Midlothian,11.97,15.99,42.38,29.67,7.27,15.3,8.36,15.57,11.14,12.48,19.49,6.22,37.19,47.58,7.87,25.07,34.27,1.56,7.04,7.49,565
S12000020,,,Moray,11.34,21.01,40.74,26.91,7.13,10.56,8.99,13.7,8.4,17.54,24.48,4.74,36.94,44.54,6.53,23.46,30.36,1.16,6.96,7.29,885
S12000021,,,North Ayrshire,11.8,17.29,35.82,35.09,7.3,11.24,9.19,14.41,8.14,14.52,20.06,5.46,31.97,39.66,5.92,31.01,39.18,1.29,7.12,7.49,853
S12000044,,,North Lanarkshire,13.07,17.95,37.03,31.95,7.18,9.85,10.53,15.6,8.43,14.97,20.93,5.23,33.23,40.84,6.12,28.11,35.8,1.3,6.99,7.36,881
S12000024,,,Perth and Kinross,8.45,15.75,37.87,37.94,7.52,12.67,6.34,10.55,9.37,12.85,18.65,4.87,34.24,41.5,4.97,34.23,41.65,1.12,7.36,7.69,884
S12000038,,,Renfrewshire,8.68,16.74,40.69,33.89,7.47,12.56,6.53,10.82,8.87,13.82,19.66,5.02,36.67,44.71,5.96,29.92,37.86,1.14,7.3,7.64,801
S12000026,,,Scottish Borders ,7.54,16.82,39.27,36.37,7.61,13.09,5.6,9.48,9.16,13.79,19.85,4.86,35.51,43.02,5.22,32.64,40.1,1.05,7.45,7.76,904
S12000028,,,South Ayrshire,9.77,17.53,36.24,36.46,7.44,12.21,7.43,12.12,9.7,14.18,20.87,5.5,32.32,40.16,5.33,32.64,40.28,1.25,7.26,7.62,830
S12000029,,,South Lanarkshire,10.26,14.92,44.71,30.11,7.34,12.76,7.68,12.83,9.52,12.13,17.72,4.82,40.47,48.94,6.3,26.38,33.84,1.21,7.16,7.51,780
S12000030,,,Stirling,7.78,20.16,41.51,30.55,7.37,16.76,5.21,10.34,9.12,16.54,23.79,5.5,37.01,46.01,7.07,26.3,34.81,1.24,7.19,7.55,603
S12000039,,,West Dunbartonshire,11.66,18.26,40.89,29.19,7.21,10.57,9.23,14.08,9.14,14.98,21.54,4.74,37.08,44.7,6.16,25.65,32.73,1.15,7.05,7.37,869
S12000040,,,West Lothian,8.04,15.16,47.02,29.77,7.49,16.01,5.51,10.58,10.29,12.09,18.23,4.95,42.45,51.6,7.14,25.59,33.96,1.26,7.3,7.67,718
N92000002,NORTHERN IRELAND,,,7.81,13.56,40.09,38.54,7.65,7.65,6.64,8.98,5.93,11.98,15.14,2.81,37.88,42.29,2.96,36.3,40.78,0.63,7.56,7.75,2719
95T,,,Antrim,x,x,x,x,8.42,59.53,x,x,95.73,x,x,24.49,x,x,15.52,x,x,3.64,7.78,9.06,63
95X,,,Ards,x,x,x,x,7.56,42.96,x,x,29.84,x,x,12.46,x,x,19.39,x,x,2.96,7.11,8.01,109
95O,,,Armagh,x,x,x,x,7.82,37.11,x,x,28.4,x,x,14.13,x,x,13.85,x,x,3.65,7.25,8.4,105
95G,,,Ballymena,x,x,x,x,7.96,78.62,x,x,48.81,x,x,14.65,x,x,17.04,x,x,5.41,7.09,8.83,102
95D,,,Ballymoney,x,x,x,x,7.37,67.81,x,x,36.72,x,x,11.67,x,x,24.16,x,x,5.34,6.56,8.18,66
95Q,,,Banbridge,x,x,x,x,7.78,53.57,x,x,33.41,x,x,17.03,x,x,14.14,x,x,2.83,7.33,8.23,72
95Z,,,Belfast,10.94,15.79,45.08,28.19,7.26,16.06,7.48,14.41,13.89,11.46,20.11,7.07,38.8,51.37,9.21,23.07,33.31,1.67,7.02,7.5,440
95V,,,Carrickfergus,x,x,x,x,7.86,52.03,x,x,40.45,x,x,11.92,x,x,18.32,x,x,3.37,7.31,8.4,71
95Y,,,Castlereagh,x,x,x,x,7.08,26.36,x,x,33.64,x,x,18.99,x,x,20.19,x,x,4.77,6.4,7.76,102
95C,,,Coleraine,x,x,x,x,7.94,54.79,x,x,33.03,x,x,17.23,x,x,13.67,x,x,2.57,7.53,8.36,80
95I,,,Cookstown,x,x,x,x,7.33,38.38,x,x,33.78,x,x,20.21,x,x,25.07,x,x,4.23,6.69,7.98,54
95N,,,Craigavon,x,x,x,x,7.58,22.62,x,x,27.1,x,x,14.21,x,x,12.11,x,x,3.04,7.12,8.04,133
95A,,,Derry,x,x,x,x,7.18,22.49,x,x,15.26,x,x,11.04,x,x,13.93,x,x,2.39,6.84,7.52,160
95R,,,Down,x,x,x,x,7.79,35.44,x,x,22.23,x,x,11.79,x,x,9.51,x,x,1.93,7.49,8.09,130
95M,,,Dungannon,x,x,x,x,8.07,33.71,x,x,29.7,x,x,18.73,x,x,11.17,x,x,2.2,7.71,8.43,87
95L,,,Fermanagh,x,x,x,x,8.37,54.1,x,x,35.4,x,x,16.25,x,x,9.54,x,x,2.51,7.94,8.79,92
95F,,,Larne,x,x,x,x,7.97,42.2,x,x,40.22,x,x,21.13,x,x,14.85,x,x,3.13,7.46,8.48,69
95B,,,Limavady,x,x,x,x,7.87,69.05,x,x,41.93,x,x,26.51,x,x,24.19,x,x,4.83,7.08,8.66,54
95S,,,Lisburn,x,x,x,x,7.59,31.09,x,x,20.81,x,x,8.15,x,x,12.34,x,x,2.23,7.25,7.92,176
95H,,,Magherafelt,x,x,x,x,7.97,135.19,x,x,47.22,x,x,15.09,x,x,20.58,x,x,3.66,7.37,8.58,65
95E,,,Moyle,x,x,x,x,8.43,67.43,x,x,70.54,x,x,76.47,x,x,18.45,x,x,6,7.13,9.73,20
95P,,,Newry and Mourne,x,x,x,x,7.42,24.87,x,x,32.69,x,x,11.16,x,x,17.43,x,x,2.43,7.06,7.78,158
95U,,,Newtownabbey,x,x,x,x,7.89,42.29,x,x,25.59,x,x,15.07,x,x,11.04,x,x,2.41,7.51,8.27,96
95W,,,North Down,x,x,x,x,7.71,62.97,x,x,34.93,x,x,10.53,x,x,16.92,x,x,2.16,7.37,8.04,91
95K,,,Omagh,x,x,x,x,8.11,69.66,x,x,43.32,x,x,18.72,x,x,12.31,x,x,3.78,7.48,8.73,67
95J,,,Strabane,x,x,x,x,7.69,38.81,x,x,28.23,x,x,28.24,x,x,15.43,x,x,4.77,6.93,8.45,57
"1 Question: Overall, how happy did you feel yesterday? Where 0 is 'not at all happy and 10 is 'completely happy'.",,,,,,,,,,,,,,,,,,,,,,,,
2 All estimates weighted.,,,,,,,Key ,,,,,,,,,,,,,,,,,
# Data unavailable,,,,,,,cv <= 5% ,,,,,,,,,,,,,,,,,
* There is no single geography code for these combined areas,,,,,,,cv > 5% and <= 10% ,,,,,,,,,,,,,,,,,
x Data has been supressed as the CV> 20% or unavailable,,,,,,,cv > 10% and <= 20% ,,,,,,,,,,,,,,,,,
,,,,,,,cv > 20% or unavailable ,,,,,,,,,,,,,,,,,
"Source: April 2013 to March 2014, Annual Population Survey Personal Well-being dataset, ONS",,,,,,,,,,,,,,,,,,,,,,,,
Main table contents,,,,,,,,,,,,,,,,,,,,,,,,
